"Serial Number","MAC Address","Status","Part Number","Part Description","Folder","Firmware","Mode","IMEI","Full Name","Description","First Seen","AP/Device Name","Ship Date"
"STGWAOD0HK","00:00:00:DA:80:79","shipped","7005-RW","Aruba-7005-RW","athena-f-72fe0c24018611eebab622510d733706","","CONTROLLER","","","","2023-06-03 06:01:33","","1685746895000"
"VG2309241465","02:1A:1E:5C:A0:38","shipped","MC-VA","","athena-f-72fe0c24018611eebab622510d733706","","GATEWAY","","","","2023-09-24 08:08:40","",""
"STIAPJOEI9","00:AD:BD:21:40:2D","shipped","JW242AR","IAP-225-US","default","","IAP","","","","2023-07-31 00:52:38","","1690764762000"
"STIAP7PQD0","00:ED:75:23:F9:15","provisioned","JW242AR","IAP-225-US","athena-f-72fe0c24018611eebab622510d733706","8.5.0.5-8.5.0.5_73491","IAP","","","","2023-08-16 00:51:44","","1692147109000"
"STIAPX9ZLX","00:00:00:28:E8:1B","shipped","JW242AR","IAP-225-US","default","8.5.0.5-8.5.0.5_73491","IAP","","","","2023-06-18 07:54:40","","1687074884000"
"STGWA22IF0","00:00:00:F4:31:D7","shipped","7005-RW","Aruba-7005-RW","default","8.5.0.5-8.5.0.5_73491","CONTROLLER","","","","2023-04-26 13:10:55","","1682514655000"
"STSWIUUJ3O","00:00:00:BC:C5:D5","shipped","JL255A","Aruba 2930F 24G PoE+ 4SFP+ Switch","athena-f-72fe0c24018611eebab622510d733706","8.5.0.5-8.5.0.5_73491","SWITCH","","","","2023-04-29 13:09:27","","1682773767000"
"STIAPFBONA","00:39:DA:4F:84:8A","shipped","JW242AR","IAP-225-US","athena-f-72fe0c24018611eebab622510d733706","","IAP","","","","2023-08-09 00:52:36","","1691542358000"
"STCNTRLOF8JB","00:00:00:84:54:14","shipped","3200-8-USRB","3200 Controller","athena-f-72fe0c24018611eebab622510d733706","","CONTROLLER","","","","2023-05-18 13:23:41","","1684416223000"
"VG2309018945","02:1A:1E:0B:4A:CA","shipped","MC-VA","","default","","GATEWAY","","","","2023-09-01 09:09:55","",""
"STGWACYW0Q","00:00:00:B0:CE:8D","shipped","7005-RW","Aruba-7005-RW","athena-f-72fe0c24018611eebab622510d733706","8.5.0.5-8.5.0.5_73491","CONTROLLER","","","","2023-05-07 13:09:14","","1683464954000"
"VG2310025549","02:1A:1E:CF:1B:13","shipped","MC-VA","","athena-f-72fe0c24018611eebab622510d733706","","GATEWAY","","","","2023-10-02 13:56:22","",""
"STIAP4KOBP","00:00:00:0B:B4:B9","provisioned","JW242AR","IAP-225-US","athena-f-72fe0c24018611eebab622510d733706","8.5.0.5-8.5.0.5_73491","IAP","","","","2023-03-03 17:30:28","","1677835669000"
"STIAPV8VOL","00:00:00:96:38:16","provisioned","JW242AR","IAP-225-US","athena-f-72fe0c24018611eebab622510d733706","8.5.0.5-8.5.0.5_73491","IAP","","","","2023-06-21 07:54:12","","1687334056000"
"STIAPY8TV0","00:00:00:D4:B1:39","provisioned","JW242AR","IAP-225-US","athena-f-72fe0c24018611eebab622510d733706","8.5.0.5-8.5.0.5_73491","IAP","","","","2023-06-16 07:55:06","","1686902108000"
"STIAP29YKD","00:00:00:BF:9D:0F","provisioned","JW242AR","IAP-225-US","athena-f-72fe0c24018611eebab622510d733706","8.5.0.5-8.5.0.5_73491","IAP","","","","2023-06-15 07:55:01","","1686815705000"
"STSWITGY50","00:96:95:4D:47:B8","shipped","JL255A","Aruba 2930F 24G PoE+ 4SFP+ Switch","athena-f-72fe0c24018611eebab622510d733706","","SWITCH","","","","2023-08-15 01:35:12","","1692063316000"
"STIAPCGNHV","00:00:00:B8:C4:54","shipped","JW242AR","IAP-225-US","athena-f-72fe0c24018611eebab622510d733706","8.5.0.5-8.5.0.5_73491","IAP","","","","2023-05-13 13:06:58","","1683983218000"
"STIAPT3SJO","00:05:BA:57:65:67","provisioned","JW242AR","IAP-225-US","athena-f-72fe0c24018611eebab622510d733706","8.5.0.5-8.5.0.5_73491","IAP","","","","2023-08-21 09:11:47","","1692609112000"
"VG2309121115","02:1A:1E:F4:6D:9D","shipped","MC-VA","","athena-f-72fe0c24018611eebab622510d733706","","GATEWAY","","","","2023-09-12 16:48:30","",""
"STIAPY60GA","00:00:00:A0:CE:D9","shipped","JW242AR","IAP-225-US","athena-f-72fe0c24018611eebab622510d733706","8.5.0.5-8.5.0.5_73491","IAP","","","","2023-05-05 13:06:31","","1683291991000"
"VG2309230400","02:1A:1E:43:6A:DD","shipped","MC-VA","","athena-f-72fe0c24018611eebab622510d733706","","GATEWAY","","","","2023-09-23 16:48:19","",""
"STIAPXS0O7","00:00:00:57:C8:B7","shipped","JW242AR","IAP-225-US","default","8.5.0.5-8.5.0.5_73491","IAP","","","","2023-06-09 13:11:22","","1686316286000"
"VG2309303243","02:1A:1E:BF:2C:80","shipped","MC-VA","","athena-f-72fe0c24018611eebab622510d733706","","GATEWAY","","","","2023-09-30 13:55:53","",""
"STSWIWVP4X","00:A5:04:C8:1D:37","shipped","JL255A","Aruba 2930F 24G PoE+ 4SFP+ Switch","default","","SWITCH","","","","2023-07-15 03:05:28","","1689390330000"
"VG2309263806","02:1A:1E:97:F4:B0","shipped","MC-VA","","athena-f-72fe0c24018611eebab622510d733706","","GATEWAY","","","","2023-09-26 16:47:31","",""
"STIAPEKYG6","00:00:00:A9:DC:DC","shipped","JW242AR","IAP-225-US","athena-f-72fe0c24018611eebab622510d733706","8.5.0.5-8.5.0.5_73491","IAP","","","","2023-05-01 13:07:28","","1682946448000"
"STGWAG2313","00:00:00:71:40:89","shipped","7005-RW","Aruba-7005-RW","athena-f-72fe0c24018611eebab622510d733706","8.5.0.5-8.5.0.5_73491","CONTROLLER","","","","2023-04-25 13:11:22","","1682428282000"
"STIAPF1M5K","00:18:E9:3F:C9:AA","shipped","JW242AR","IAP-225-US","default","8.5.0.5-8.5.0.5_73491","IAP","","","","2023-08-20 09:09:25","","1692522569000"
"STIAPJEMBU","00:FD:B7:3D:57:30","shipped","JW242AR","IAP-225-US","default","8.5.0.5-8.5.0.5_73491","IAP","","","","2023-06-26 07:56:05","","1687766169000"
"VG2308267681","02:1A:1E:BE:25:84","shipped","MC-VA","","athena-f-72fe0c24018611eebab622510d733706","","GATEWAY","","","","2023-08-26 09:12:50","",""
"VG2310091754","02:1A:1E:CB:5D:FA","shipped","MC-VA","","athena-f-72fe0c24018611eebab622510d733706","","GATEWAY","","","","2023-10-09 07:28:44","",""
"VG2309225391","02:1A:1E:B6:86:EB","shipped","MC-VA","","athena-f-72fe0c24018611eebab622510d733706","","GATEWAY","","","","2023-09-22 13:47:43","",""
"STGWA35FCK","00:6D:6E:A2:11:15","shipped","7005-RW","Aruba-7005-RW","athena-f-28880f7ab9ea11ed848902c98e9b43b7","8.5.0.5-8.5.0.5_73491","CONTROLLER","","","","2023-08-16 09:09:40","","1692176982000"
"STIAPZH70Y","00:D3:FF:AB:74:64","provisioned","JW242AR","IAP-225-US","athena-f-72fe0c24018611eebab622510d733706","8.5.0.5-8.5.0.5_73491","IAP","","","","2023-07-15 03:05:21","","1689390323000"
"VG2309301083","02:1A:1E:DB:57:EC","shipped","MC-VA","","default","","GATEWAY","","","","2023-09-30 16:56:46","",""
"STIAP9DN5I","00:00:00:6E:FE:7C","shipped","JW242AR","IAP-225-US","default","","IAP","","","","2023-06-19 19:17:42","","1687202266000"
"STGWANB9XB","00:00:00:94:37:85","shipped","7005-RW","Aruba-7005-RW","athena-f-72fe0c24018611eebab622510d733706","8.5.0.5-8.5.0.5_73491","CONTROLLER","","","","2023-05-02 13:10:06","","1683033006000"
"STIAPBT116","00:7C:40:9E:C1:D1","provisioned","JW242AR","IAP-225-US","athena-f-72fe0c24018611eebab622510d733706","8.5.0.5-8.5.0.5_73491","IAP","","","","2023-08-21 06:09:39","","1692598181000"
"STSWIZ5T3T","00:4A:79:F7:12:CB","shipped","JL255A","Aruba 2930F 24G PoE+ 4SFP+ Switch","default","","SWITCH","","","","2023-08-19 09:09:39","","1692436181000"
"STIAPSMMTV","00:68:0F:24:11:50","provisioned","JW242AR","IAP-225-US","athena-f-72fe0c24018611eebab622510d733706","8.5.0.5-8.5.0.5_73491","IAP","","","","2023-07-03 13:07:18","","1688389642000"
"STSWIHWY0B","00:00:00:73:AB:63","shipped","JL255A","Aruba 2930F 24G PoE+ 4SFP+ Switch","athena-f-72fe0c24018611eebab622510d733706","8.5.0.5-8.5.0.5_73491","SWITCH","","","","2023-05-15 13:07:21","","1684156041000"
"STIAP4BYBU","00:1E:D4:3B:D0:AE","provisioned","JW242AR","IAP-225-US","athena-f-72fe0c24018611eebab622510d733706","8.5.0.5-8.5.0.5_73491","IAP","","","","2023-08-22 00:51:31","","1692665493000"
"STIAPSYX6Z","00:00:00:CD:E4:19","provisioned","JW242AR","IAP-225-US","athena-f-72fe0c24018611eebab622510d733706","8.5.0.5-8.5.0.5_73491","IAP","","","","2023-06-12 13:10:52","","1686575456000"
"STSWICZP0Q","00:00:00:36:29:8D","shipped","JL255A","Aruba 2930F 24G PoE+ 4SFP+ Switch","athena-f-72fe0c24018611eebab622510d733706","","SWITCH","","","","2023-04-19 04:16:15","","1681852575000"
"STIAPOWDUB","00:00:00:A7:75:95","provisioned","JW242AR","IAP-225-US","athena-f-72fe0c24018611eebab622510d733706","8.5.0.5-8.5.0.5_73491","IAP","","","","2023-06-08 13:09:51","","1686229793000"
"STGWAFH4ZS","00:00:00:BC:C0:5B","shipped","7005-RW","Aruba-7005-RW","athena-f-72fe0c24018611eebab622510d733706","8.5.0.5-8.5.0.5_73491","CONTROLLER","","","","2023-04-28 13:15:23","","1682687723000"
"STIAP0T48A","00:99:BA:96:43:4E","provisioned","JW242AR","IAP-225-US","athena-f-72fe0c24018611eebab622510d733706","8.5.0.5-8.5.0.5_73491","IAP","","","","2023-07-02 07:57:07","","1688284631000"
"STIAPF12LU","00:00:00:85:7C:80","provisioned","JW242AR","IAP-225-US","athena-f-72fe0c24018611eebab622510d733706","8.5.0.5-8.5.0.5_73491","IAP","","","","2023-06-22 13:07:23","","1687439245000"
"STIAPSTJE8","00:00:00:3A:70:5D","provisioned","JW242AR","IAP-225-US","athena-f-72fe0c24018611eebab622510d733706","8.5.0.5-8.5.0.5_73491","IAP","","","","2023-06-06 13:06:56","","1686056818000"
"STIAPPFQV0","00:00:00:18:62:E6","shipped","JW242AR","IAP-225-US","athena-f-72fe0c24018611eebab622510d733706","8.5.0.5-8.5.0.5_73491","IAP","","","","2023-04-22 13:14:22","","1682169262000"
"STGWAOJ2MI","00:00:00:69:2F:F4","shipped","7005-RW","Aruba-7005-RW","default","8.5.0.5-8.5.0.5_73491","CONTROLLER","","","","2023-05-09 18:34:13","","1683657253000"
"STIAPL6O8O","00:75:B1:C5:1B:E8","shipped","JW242AR","IAP-225-US","athena-f-72fe0c24018611eebab622510d733706","","IAP","","","","2023-08-04 06:11:38","","1691129500000"
"STSWIUQK18","00:00:00:15:C9:B1","shipped","JL255A","Aruba 2930F 24G PoE+ 4SFP+ Switch","athena-f-72fe0c24018611eebab622510d733706","8.5.0.5-8.5.0.5_73491","SWITCH","","","","2023-05-09 18:34:13","","1683657253000"
"STSWIE5NVM","00:48:22:32:83:0B","provisioned","JL255A","Aruba 2930F 24G PoE+ 4SFP+ Switch","athena-f-72fe0c24018611eebab622510d733706","","SWITCH","","","","2023-08-17 09:08:59","","1692263343000"
"STIAPCA0IX","00:09:9B:19:38:5C","provisioned","JW242AR","IAP-225-US","athena-f-72fe0c24018611eebab622510d733706","8.5.0.5-8.5.0.5_73491","IAP","","","","2023-08-15 20:54:55","","1692132899000"
"STIAPGXDES","00:A8:A3:FE:A0:06","shipped","JW242AR","IAP-225-US","athena-f-72fe0c24018611eebab622510d733706","","IAP","","","","2023-08-15 16:25:43","","1692091545000"
"STIAPY5WQE","00:A4:92:82:49:7E","provisioned","JW242AR","IAP-225-US","athena-f-72fe0c24018611eebab622510d733706","8.5.0.5-8.5.0.5_73491","IAP","","","","2023-08-19 00:51:30","","1692406295000"
"STSWIZA0UR","00:79:54:58:24:76","provisioned","JL255A","Aruba 2930F 24G PoE+ 4SFP+ Switch","athena-f-72fe0c24018611eebab622510d733706","","SWITCH","","","","2023-08-16 09:09:34","","1692176978000"
"STGWARHYVR","00:00:00:BA:C0:33","shipped","7005-RW","Aruba-7005-RW","default","8.5.0.5-8.5.0.5_73491","CONTROLLER","","","","2023-04-28 22:10:29","","1682719829000"
"VG2310068472","02:1A:1E:5D:89:C2","shipped","MC-VA","","athena-f-72fe0c24018611eebab622510d733706","","GATEWAY","","","","2023-10-06 08:20:55","",""
"STSWI5LV3Y","00:00:00:78:10:E4","shipped","JL255A","Aruba 2930F 24G PoE+ 4SFP+ Switch","default","","SWITCH","","","","2023-06-03 00:27:00","","1685726822000"
"VG2308161832","02:1A:1E:21:2F:66","shipped","MC-VA","","default","","GATEWAY","","","","2023-08-16 03:06:24","",""
"STIAPAWKGK","00:00:00:3B:29:33","provisioned","JW242AR","IAP-225-US","athena-f-72fe0c24018611eebab622510d733706","8.5.0.5-8.5.0.5_73491","IAP","","","","2023-06-05 13:06:57","","1685970421000"
"STGWAGVXBN","00:00:00:60:1E:E1","shipped","7005-RW","Aruba-7005-RW","athena-f-72fe0c24018611eebab622510d733706","8.5.0.5-8.5.0.5_73491","CONTROLLER","","","","2023-04-29 13:09:27","","1682773767000"
"STSWI9081B","00:9D:40:95:DB:C1","shipped","JL255A","Aruba 2930F 24G PoE+ 4SFP+ Switch","athena-f-72fe0c24018611eebab622510d733706","","SWITCH","","","","2023-08-03 20:57:40","","1691107062000"
"VG2308198618","02:1A:1E:39:BE:AA","shipped","MC-VA","","athena-f-72fe0c24018611eebab622510d733706","","GATEWAY","","","","2023-08-19 00:52:50","",""
"STSWIHW0K3","00:00:00:8E:E9:E3","shipped","JL255A","Aruba 2930F 24G PoE+ 4SFP+ Switch","athena-f-72fe0c24018611eebab622510d733706","8.5.0.5-8.5.0.5_73491","SWITCH","","","","2023-05-09 18:33:11","","1683657191000"
"VG2310078052","02:1A:1E:F6:31:F4","shipped","MC-VA","","default","","GATEWAY","","","","2023-10-07 07:28:20","",""
"VG2307156186","02:1A:1E:0C:77:54","shipped","MC-VA","","athena-f-72fe0c24018611eebab622510d733706","","GATEWAY","","","","2023-07-15 05:59:22","",""
"STSWICT1H2","00:00:00:E8:DD:76","shipped","JL255A","Aruba 2930F 24G PoE+ 4SFP+ Switch","athena-f-72fe0c24018611eebab622510d733706","8.5.0.5-8.5.0.5_73491","SWITCH","","","","2023-05-07 13:09:14","","1683464954000"
"VG2309305233","02:1A:1E:28:89:4F","shipped","MC-VA","","athena-f-72fe0c24018611eebab622510d733706","","GATEWAY","","","","2023-09-30 08:19:05","",""
"STIAPN37CD","00:00:00:4E:4D:A3","shipped","JW242AR","IAP-225-US","athena-f-72fe0c24018611eebab622510d733706","8.5.0.5-8.5.0.5_73491","IAP","","","","2023-05-02 13:10:05","","1683033005000"
"VG2310043967","02:1A:1E:A0:68:45","shipped","MC-VA","","athena-f-72fe0c24018611eebab622510d733706","","GATEWAY","","","","2023-10-04 17:01:19","",""
"VG2309285245","02:1A:1E:A4:38:4E","shipped","MC-VA","","default","","GATEWAY","","","","2023-09-28 08:09:18","",""
"STGWAGTDMG","00:DD:50:45:CE:D3","provisioned","7005-RW","Aruba-7005-RW","athena-f-72fe0c24018611eebab622510d733706","8.5.0.5-8.5.0.5_73491","CONTROLLER","","","","2023-07-15 03:05:34","","1689390338000"
"STGWAI7XEP","00:00:00:B2:78:BB","shipped","7005-RW","Aruba-7005-RW","athena-f-72fe0c24018611eebab622510d733706","8.5.0.5-8.5.0.5_73491","CONTROLLER","","","","2023-04-30 13:10:17","","1682860217000"
"SMTSTSW001","AB:CD:EF:F8:FF:ED","shipped","JL255A","Aruba 2930F 24G PoE+ 4SFP+ Switch","athena-f-72fe0c24018611eebab622510d733706","","SWITCH","","","","2023-05-03 18:22:09","",""
"STGWA17J9O","00:42:5F:BC:D2:58","provisioned","7005-RW","Aruba-7005-RW","athena-f-72fe0c24018611eebab622510d733706","8.5.0.5-8.5.0.5_73491","CONTROLLER","","","","2023-08-15 20:55:07","","1692132911000"
"STGWAT70S0","00:24:60:DF:BF:51","shipped","7005-RW","Aruba-7005-RW","athena-f-72fe0c24018611eebab622510d733706","","CONTROLLER","","","","2023-08-15 01:35:18","","1692063320000"
"STGWAPY9US","00:00:00:55:9C:6B","shipped","7005-RW","Aruba-7005-RW","athena-f-72fe0c24018611eebab622510d733706","8.5.0.5-8.5.0.5_73491","CONTROLLER","","","","2023-05-14 13:10:53","","1684069853000"
"STGWAOGS7G","00:00:00:34:90:9B","shipped","7005-RW","Aruba-7005-RW","athena-f-72fe0c24018611eebab622510d733706","8.5.0.5-8.5.0.5_73491","CONTROLLER","","","","2023-05-09 18:33:11","","1683657191000"
"STGWAHN0N3","00:00:00:7A:BC:85","shipped","7005-RW","Aruba-7005-RW","athena-f-72fe0c24018611eebab622510d733706","","CONTROLLER","","","","2023-04-19 04:01:44","","1681851705000"
"STIAPG1L9Z","00:00:00:D1:8A:0A","shipped","JW242AR","IAP-225-US","default","8.5.0.5-8.5.0.5_73491","IAP","","","","2023-05-31 13:07:57","","1685538479000"
"VG2307157388","02:1A:1E:F5:83:F5","shipped","MC-VA","","athena-f-72fe0c24018611eebab622510d733706","","GATEWAY","","","","2023-07-15 05:19:48","",""
"STIAPHIUJX","00:00:00:97:C1:2D","shipped","JW242AR","IAP-225-US","athena-f-72fe0c24018611eebab622510d733706","8.5.0.5-8.5.0.5_73491","IAP","","","","2023-06-02 13:07:41","","1685711265000"
"VG2309198448","02:1A:1E:D9:E5:B0","shipped","MC-VA","","athena-f-72fe0c24018611eebab622510d733706","","GATEWAY","","","","2023-09-19 16:48:45","",""
"STIAP7H7IG","00:00:00:92:96:65","shipped","JW242AR","IAP-225-US","athena-f-72fe0c24018611eebab622510d733706","8.5.0.5-8.5.0.5_73491","IAP","","","","2023-05-06 13:06:32","","1683378392000"
"STIAP9VQNV","00:A4:64:05:73:5F","shipped","JW242AR","IAP-225-US","default","8.5.0.5-8.5.0.5_73491","IAP","","","","2023-07-15 16:03:16","","1689437000000"
"VG2309227736","02:1A:1E:A0:0E:7A","shipped","MC-VA","","athena-f-72fe0c24018611eebab622510d733706","","GATEWAY","","","","2023-09-22 16:48:04","",""
"VG2310100806","02:1A:1E:61:7C:51","shipped","MC-VA","","athena-f-72fe0c24018611eebab622510d733706","","GATEWAY","","","","2023-10-10 16:29:46","",""
"STIAPD1P45","00:00:00:82:76:53","shipped","JW242AR","IAP-225-US","default","8.5.0.5-8.5.0.5_73491","IAP","","","","2023-06-09 13:09:48","","1686316190000"
"STSWI1DJBQ","00:00:00:49:26:C9","shipped","JL255A","Aruba 2930F 24G PoE+ 4SFP+ Switch","athena-f-72fe0c24018611eebab622510d733706","","SWITCH","","","","2023-04-19 19:12:18","","1681931538000"
"STGWAJ6A5A","00:00:00:32:D9:85","shipped","7005-RW","Aruba-7005-RW","athena-f-72fe0c24018611eebab622510d733706","8.5.0.5-8.5.0.5_73491","CONTROLLER","","","","2023-04-23 13:10:17","","1682255417000"
"STGWAD9I1Z","00:00:00:09:57:D6","shipped","7005-RW","Aruba-7005-RW","athena-f-72fe0c24018611eebab622510d733706","8.5.0.5-8.5.0.5_73491","CONTROLLER","","","","2023-05-15 13:07:21","","1684156041000"
"STSWIQA7O3","00:00:00:25:DE:83","shipped","JL255A","Aruba 2930F 24G PoE+ 4SFP+ Switch","athena-f-72fe0c24018611eebab622510d733706","8.5.0.5-8.5.0.5_73491","SWITCH","","","","2023-05-11 13:07:06","","1683810426000"
"VG2309187017","02:1A:1E:D9:92:25","shipped","MC-VA","","athena-f-72fe0c24018611eebab622510d733706","","GATEWAY","","","","2023-09-18 16:51:32","",""
"STIAP8PQUR","00:00:00:F6:D8:4A","provisioned","JW242AR","IAP-225-US","athena-f-72fe0c24018611eebab622510d733706","8.5.0.5-8.5.0.5_73491","IAP","","","","2023-06-13 07:57:28","","1686643052000"
"STIAP8F5US","00:CE:D6:BC:C6:7E","shipped","JW242AR","IAP-225-US","athena-f-72fe0c24018611eebab622510d733706","","IAP","","","","2023-08-11 14:44:07","","1691739851000"
"VG2309184557","02:1A:1E:D5:D6:AD","shipped","MC-VA","","default","","GATEWAY","","","","2023-09-18 23:34:46","",""
"STIAP1TES7","00:4E:49:3F:65:6A","shipped","JW242AR","IAP-225-US","athena-f-72fe0c24018611eebab622510d733706","","IAP","","","","2023-08-07 00:48:57","","1691369341000"
"STIAPZ1ML5","00:D2:CF:08:D8:61","shipped","JW242AR","IAP-225-US","athena-f-72fe0c24018611eebab622510d733706","","IAP","","","","2023-08-03 20:57:33","","1691107057000"
"STIAPCYKIM","00:F4:5C:AE:16:5A","shipped","JW242AR","IAP-225-US","athena-f-72fe0c24018611eebab622510d733706","","IAP","","","","2023-08-02 00:51:45","","1690937507000"
"STIAP852BC","00:17:2F:1F:DC:7E","shipped","JW242AR","IAP-225-US","athena-f-72fe0c24018611eebab622510d733706","","IAP","","","","2023-07-27 08:09:50","","1690445394000"
"STIAP0P8IA","00:00:00:14:27:91","shipped","JW242AR","IAP-225-US","athena-f-72fe0c24018611eebab622510d733706","8.5.0.5-8.5.0.5_73491","IAP","","","","2023-05-16 13:42:05","","1684244525000"
"STGWA93CCK","00:01:CE:FD:3C:87","provisioned","7005-RW","Aruba-7005-RW","athena-f-72fe0c24018611eebab622510d733706","8.5.0.5-8.5.0.5_73491","CONTROLLER","","","","2023-08-20 09:09:38","","1692522582000"
"STIAPG563Y","00:7B:72:37:93:5E","provisioned","JW242AR","IAP-225-US","athena-f-72fe0c24018611eebab622510d733706","8.5.0.5-8.5.0.5_73491","IAP","","","","2023-07-03 07:53:27","","1688370811000"
"VG2308151723","02:1A:1E:08:D4:D4","shipped","MC-VA","","athena-f-72fe0c24018611eebab622510d733706","","GATEWAY","","","","2023-08-15 09:10:02","",""
"STIAPL24HH","00:92:8E:04:6A:69","shipped","JW242AR","IAP-225-US","athena-f-72fe0c24018611eebab622510d733706","","IAP","","","","2023-07-28 21:48:35","","1690580919000"
"STIAPS4PM7","00:00:00:8E:44:5C","provisioned","JW242AR","IAP-225-US","athena-f-72fe0c24018611eebab622510d733706","8.5.0.5-8.5.0.5_73491","IAP","","","","2023-06-13 13:06:59","","1686661623000"
"VG2309178643","02:1A:1E:57:49:9D","shipped","MC-VA","","athena-f-72fe0c24018611eebab622510d733706","","GATEWAY","","","","2023-09-17 16:47:41","",""
"STGWA5SS1S","00:00:00:75:07:07","shipped","7005-RW","Aruba-7005-RW","default","8.5.0.5-8.5.0.5_73491","CONTROLLER","","","","2023-04-22 13:14:23","","1682169263000"
"VG2310105328","02:1A:1E:EC:69:17","shipped","MC-VA","","athena-f-72fe0c24018611eebab622510d733706","","GATEWAY","","","","2023-10-10 07:28:08","",""
"STIAPWXDBK","00:00:00:3E:48:B1","shipped","JW242AR","IAP-225-US","athena-f-72fe0c24018611eebab622510d733706","8.5.0.5-8.5.0.5_73491","IAP","","","","2023-04-26 13:10:55","","1682514655000"
"VG2310050866","02:1A:1E:93:33:C4","shipped","MC-VA","","athena-f-72fe0c24018611eebab622510d733706","","GATEWAY","","","","2023-10-05 08:20:40","",""
"STIAPVVML6","00:1B:FA:64:C3:56","shipped","JW242AR","IAP-225-US","default","8.5.0.5-8.5.0.5_73491","IAP","","","","2023-07-01 07:56:53","","1688198215000"
"STIAPIRIN0","00:00:00:67:C2:EB","shipped","JW242AR","IAP-225-US","athena-f-28880f7ab9ea11ed848902c98e9b43b7","","IAP","","","","2023-06-02 23:51:44","","1685724708000"
"STCNTRL9C3QZ","00:00:00:C8:B9:B3","shipped","3200-8-US","Aruba 3200 Controller - 4x 10/100/1000BASE-T (RJ-45) or 1000BASE-X (SFP) dual personality ports, 8 AP Support, Restricted Regulatory Domain - US","default","","CONTROLLER","","","","2023-05-18 14:26:51","","1684420013000"
"STIAPK9A2K","00:1C:5F:BE:A9:68","provisioned","JW242AR","IAP-225-US","athena-f-72fe0c24018611eebab622510d733706","8.5.0.5-8.5.0.5_73491","IAP","","","","2023-06-26 13:07:26","","1687784850000"
"STGWAZZMNT","00:C0:F8:BB:D8:18","provisioned","7005-RW","Aruba-7005-RW","athena-f-72fe0c24018611eebab622510d733706","8.5.0.5-8.5.0.5_73491","CONTROLLER","","","","2023-08-21 09:12:00","","1692609124000"
"VG2310086631","02:1A:1E:23:F1:37","shipped","MC-VA","","default","","GATEWAY","","","","2023-10-08 07:28:28","",""
"VG2310057573","02:1A:1E:E2:FE:DD","shipped","MC-VA","","athena-f-72fe0c24018611eebab622510d733706","","GATEWAY","","","","2023-10-05 14:00:45","",""
"STSWI7TKVJ","00:A3:F2:C0:B3:85","shipped","JL255A","Aruba 2930F 24G PoE+ 4SFP+ Switch","default","","SWITCH","","","","2023-08-15 20:55:01","","1692132903000"
"STSWIXMA7X","00:00:00:1B:B9:F1","provisioned","JL255A","Aruba 2930F 24G PoE+ 4SFP+ Switch","athena-f-72fe0c24018611eebab622510d733706","8.5.0.5-8.5.0.5_73491","SWITCH","","","","2023-03-03 17:30:30","","1677835671000"
"STGWACZY38","00:32:CD:65:46:B3","provisioned","7005-RW","Aruba-7005-RW","athena-f-72fe0c24018611eebab622510d733706","8.5.0.5-8.5.0.5_73491","CONTROLLER","","","","2023-07-15 05:37:48","","1689399472000"
"STIAP8TWTS","00:00:00:EC:5A:AD","shipped","JW242AR","IAP-225-US","athena-f-72fe0c24018611eebab622510d733706","8.5.0.5-8.5.0.5_73491","IAP","","","","2023-04-25 13:11:21","","1682428281000"
"STIAPVY0OK","00:86:C8:22:BD:8E","provisioned","JW242AR","IAP-225-US","athena-f-72fe0c24018611eebab622510d733706","8.5.0.5-8.5.0.5_73491","IAP","","","","2023-08-18 06:10:55","","1692339057000"
"VG2310063687","02:1A:1E:B2:F3:C9","shipped","MC-VA","","athena-f-72fe0c24018611eebab622510d733706","","GATEWAY","","","","2023-10-06 17:02:10","",""
"STIAPFD33U","00:97:48:DB:13:E8","provisioned","JW242AR","IAP-225-US","athena-f-72fe0c24018611eebab622510d733706","8.5.0.5-8.5.0.5_73491","IAP","","","","2023-08-20 00:49:51","","1692492593000"
"SMVGWTST01","AB:CD:EF:FA:FB:01","shipped","MC-VA","VCGw","athena-f-72fe0c24018611eebab622510d733706","","GATEWAY","","","","2023-06-01 05:20:01","",""
"STIAPGMZXG","00:86:79:8B:E3:8F","shipped","JW242AR","IAP-225-US","default","8.5.0.5-8.5.0.5_73491","IAP","","","","2023-08-17 06:10:05","","1692252609000"
"STIAP2PX6G","00:00:00:42:34:7D","shipped","JW242AR","IAP-225-US","athena-f-72fe0c24018611eebab622510d733706","8.5.0.5-8.5.0.5_73491","IAP","","","","2023-05-10 13:07:11","","1683724031000"
"STIAPL8OWO","00:00:00:2C:C1:55","shipped","JW242AR","IAP-225-US","athena-f-72fe0c24018611eebab622510d733706","8.5.0.5-8.5.0.5_73491","IAP","","","","2023-05-23 13:07:16","","1684847238000"
"STIAPZ4AMX","00:00:00:85:04:22","shipped","JW242AR","IAP-225-US","athena-f-72fe0c24018611eebab622510d733706","8.5.0.5-8.5.0.5_73491","IAP","","","","2023-05-03 13:12:10","","1683119530000"
"STIAPZB65J","00:00:00:52:47:95","provisioned","JW242AR","IAP-225-US","athena-f-72fe0c24018611eebab622510d733706","8.5.0.5-8.5.0.5_73491","IAP","","","","2023-06-19 13:06:27","","1687179989000"
"VG2308234689","02:1A:1E:6C:C2:71","shipped","MC-VA","","athena-f-72fe0c24018611eebab622510d733706","","GATEWAY","","","","2023-08-23 09:09:45","",""
"STIAPRSV4X","00:CB:12:C0:C5:B0","shipped","JW242AR","IAP-225-US","default","","IAP","","","","2023-07-27 23:33:24","","1690500806000"
"STIAPCRJTP","00:47:9C:5B:15:7C","provisioned","JW242AR","IAP-225-US","athena-f-72fe0c24018611eebab622510d733706","8.5.0.5-8.5.0.5_73491","IAP","","","","2023-08-15 19:39:16","","1692128358000"
"STGWAL9VOL","00:00:00:A5:1C:27","shipped","7005-RW","Aruba-7005-RW","athena-f-72fe0c24018611eebab622510d733706","8.5.0.5-8.5.0.5_73491","CONTROLLER","","","","2023-05-13 13:06:58","","1683983218000"
"STIAP93MEI","00:C6:53:E1:1B:7F","shipped","JW242AR","IAP-225-US","athena-f-72fe0c24018611eebab622510d733706","","IAP","","","","2023-08-03 00:51:06","","1691023870000"
"STIAPBE778","00:00:00:21:A7:07","shipped","JW242AR","IAP-225-US","default","8.5.0.5-8.5.0.5_73491","IAP","","","","2023-05-18 13:07:27","","1684415247000"
"VG2308202478","02:1A:1E:A7:6C:D6","shipped","MC-VA","","athena-f-72fe0c24018611eebab622510d733706","","GATEWAY","","","","2023-08-20 09:09:45","",""
"VG2309148520","02:1A:1E:76:16:61","shipped","MC-VA","","athena-f-72fe0c24018611eebab622510d733706","","GATEWAY","","","","2023-09-14 16:47:43","",""
"STIAPS8REE","00:89:47:11:41:6F","shipped","JW242AR","IAP-225-US","athena-f-72fe0c24018611eebab622510d733706","","IAP","","","","2023-08-08 00:52:47","","1691455969000"
"STIAPOK0YA","00:00:41:06:65:51","provisioned","JW242AR","IAP-225-US","athena-f-72fe0c24018611eebab622510d733706","8.5.0.5-8.5.0.5_73491","IAP","","","","2023-08-19 06:09:41","","1692425383000"
"VG2310010574","02:1A:1E:4B:1D:24","shipped","MC-VA","","default","","GATEWAY","","","","2023-10-01 08:15:51","",""
"STIAPAVWMH","00:00:00:67:83:DB","provisioned","JW242AR","IAP-225-US","athena-f-72fe0c24018611eebab622510d733706","8.5.0.5-8.5.0.5_73491","IAP","","","","2023-06-08 13:07:54","","1686229678000"
"STSWI5Y18E","00:00:00:E5:46:48","shipped","JL255A","Aruba 2930F 24G PoE+ 4SFP+ Switch","default","8.5.0.5-8.5.0.5_73491","SWITCH","","","","2023-05-08 13:06:43","","1683551203000"
"STIAP8CDQN","00:00:00:DC:C1:F3","shipped","JW242AR","IAP-225-US","athena-f-72fe0c24018611eebab622510d733706","8.5.0.5-8.5.0.5_73491","IAP","","","","2023-06-01 13:08:00","","1685624884000"
"VG2309136130","02:1A:1E:B8:89:D4","shipped","MC-VA","","default","","GATEWAY","","","","2023-09-13 16:47:30","",""
"STIAP6IPTO","00:B0:0E:81:8A:26","shipped","JW242AR","IAP-225-US","athena-f-72fe0c24018611eebab622510d733706","","IAP","","","","2023-07-26 13:07:14","","1690376838000"
"STGWAOPYWU","00:00:00:31:9C:28","shipped","7005-RW","Aruba-7005-RW","athena-f-72fe0c24018611eebab622510d733706","8.5.0.5-8.5.0.5_73491","CONTROLLER","","","","2023-04-24 13:13:34","","1682342014000"
"VG2310074301","02:1A:1E:1E:EF:8A","shipped","MC-VA","","athena-f-72fe0c24018611eebab622510d733706","","GATEWAY","","","","2023-10-07 16:30:28","",""
"STIAPSWSA3","00:00:00:4A:67:28","shipped","JW242AR","IAP-225-US","athena-f-72fe0c24018611eebab622510d733706","","IAP","","","","2023-06-04 04:46:48","","1685828812000"
"STSWI8IK03","00:51:9E:B4:B7:1E","shipped","JL255A","Aruba 2930F 24G PoE+ 4SFP+ Switch","default","","SWITCH","","","","2023-08-15 09:09:09","","1692090553000"
"STSWISLSYH","00:00:00:9C:EF:81","shipped","JL255A","Aruba 2930F 24G PoE+ 4SFP+ Switch","athena-f-28880f7ab9ea11ed848902c98e9b43b7","","SWITCH","","","","2023-06-03 00:21:05","","1685726467000"
"STIAPDS3Q6","00:C5:A4:39:73:09","shipped","JW242AR","IAP-225-US","athena-f-72fe0c24018611eebab622510d733706","","IAP","","","","2023-07-30 06:13:06","","1690697590000"
"VG2310060582","02:1A:1E:C0:9C:D7","shipped","MC-VA","","athena-f-72fe0c24018611eebab622510d733706","","GATEWAY","","","","2023-10-06 14:00:52","",""
"VG2309266556","02:1A:1E:86:FD:20","shipped","MC-VA","","athena-f-72fe0c24018611eebab622510d733706","","GATEWAY","","","","2023-09-26 08:10:48","",""
"STSWICWOAR","00:00:00:E7:E2:3C","shipped","JL255A","Aruba 2930F 24G PoE+ 4SFP+ Switch","athena-f-72fe0c24018611eebab622510d733706","8.5.0.5-8.5.0.5_73491","SWITCH","","","","2023-04-20 13:15:31","","1681996531000"
"VG2310095415","02:1A:1E:FC:57:8F","shipped","MC-VA","","default","","GATEWAY","","","","2023-10-09 16:29:51","",""
"STIAPS3SUF","00:00:00:C2:DA:53","shipped","JW242AR","IAP-225-US","athena-f-72fe0c24018611eebab622510d733706","8.5.0.5-8.5.0.5_73491","IAP","","","","2023-05-19 13:07:09","","1684501633000"
"STIAP212ER","00:00:00:D7:CE:B2","shipped","JW242AR","IAP-225-US","athena-f-72fe0c24018611eebab622510d733706","8.5.0.5-8.5.0.5_73491","IAP","","","","2023-05-11 13:07:05","","1683810425000"
"STSWIOFF77","00:00:00:88:E4:BA","shipped","JL255A","Aruba 2930F 24G PoE+ 4SFP+ Switch","athena-f-72fe0c24018611eebab622510d733706","8.5.0.5-8.5.0.5_73491","SWITCH","","","","2023-05-02 13:10:05","","1683033005000"
"VG2309162524","02:1A:1E:A5:03:B9","shipped","MC-VA","","athena-f-72fe0c24018611eebab622510d733706","","GATEWAY","","","","2023-09-16 16:47:45","",""
"STGWA6ZMUS","00:DD:78:83:C7:A8","provisioned","7005-RW","Aruba-7005-RW","athena-f-72fe0c24018611eebab622510d733706","8.5.0.5-8.5.0.5_73491","CONTROLLER","","","","2023-08-16 03:06:02","","1692155166000"
"VG2310047119","02:1A:1E:54:4E:C3","shipped","MC-VA","","athena-f-72fe0c24018611eebab622510d733706","","GATEWAY","","","","2023-10-04 08:19:39","",""
"VG2308190672","02:1A:1E:08:8B:17","shipped","MC-VA","","athena-f-72fe0c24018611eebab622510d733706","","GATEWAY","","","","2023-08-19 09:10:10","",""
"STGWAYJLFI","00:00:00:03:1B:F5","shipped","7005-RW","Aruba-7005-RW","default","","CONTROLLER","","","","2023-06-03 00:21:13","","1685726477000"
"STIAPO89AC","00:00:00:07:73:A6","shipped","JW242AR","IAP-225-US","default","8.5.0.5-8.5.0.5_73491","IAP","","","","2023-06-12 17:57:46","","1686592670000"
"STIAPVVI18","00:00:00:96:92:83","shipped","JW242AR","IAP-225-US","default","8.5.0.5-8.5.0.5_73491","IAP","","","","2023-06-22 07:55:53","","1687420557000"
"STIAPZJ2HR","00:00:00:0E:25:5E","shipped","JW242AR","IAP-225-US","default","","IAP","","","","2023-06-02 23:14:12","","1685722454000"
"STGWA7IM0V","00:00:00:6A:03:6B","shipped","7005-RW","Aruba-7005-RW","default","","CONTROLLER","","","","2023-06-03 00:27:07","","1685726829000"
"VG2309236531","02:1A:1E:8A:42:5A","shipped","MC-VA","","athena-f-72fe0c24018611eebab622510d733706","","GATEWAY","","","","2023-09-23 13:47:32","",""
"STSWI9C6OR","00:00:00:A8:64:08","shipped","JL255A","Aruba 2930F 24G PoE+ 4SFP+ Switch","athena-f-72fe0c24018611eebab622510d733706","8.5.0.5-8.5.0.5_73491","SWITCH","","","","2023-05-04 13:08:40","","1683205720000"
"VG2310112483","02:1A:1E:4A:E8:7D","shipped","MC-VA","","athena-f-72fe0c24018611eebab622510d733706","","GATEWAY","","","","2023-10-11 13:23:21","",""
"STIAPIY4TH","00:00:00:44:0C:CC","shipped","JW242AR","IAP-225-US","default","","IAP","","","","2023-06-02 23:34:16","","1685723660000"
"VG2308272848","02:1A:1E:6F:AC:67","shipped","MC-VA","","athena-f-72fe0c24018611eebab622510d733706","","GATEWAY","","","","2023-08-27 09:09:59","",""
"STIAPCLRAP","00:88:D2:8F:1E:86","provisioned","JW242AR","IAP-225-US","athena-f-72fe0c24018611eebab622510d733706","8.5.0.5-8.5.0.5_73491","IAP","","","","2023-08-19 00:52:27","","1692406351000"
"STGWAWOSW4","00:00:00:0C:C5:5A","shipped","7005-RW","Aruba-7005-RW","athena-f-72fe0c24018611eebab622510d733706","8.5.0.5-8.5.0.5_73491","CONTROLLER","","","","2023-05-08 13:06:43","","1683551203000"
"STGWAX8FZG","00:00:00:44:6D:3D","shipped","7005-RW","Aruba-7005-RW","default","8.5.0.5-8.5.0.5_73491","CONTROLLER","","","","2023-05-12 13:07:04","","1683896824000"
"STIAPVTJ68","00:C3:8D:37:74:80","shipped","JW242AR","IAP-225-US","default","","IAP","","","","2023-07-26 08:07:07","","1690358831000"
"STIAPP0GTH","00:D5:6B:76:0D:9E","provisioned","JW242AR","IAP-225-US","athena-f-72fe0c24018611eebab622510d733706","8.5.0.5-8.5.0.5_73491","IAP","","","","2023-07-05 07:57:12","","1688543836000"
"VG2309258917","02:1A:1E:8E:5D:BA","shipped","MC-VA","","athena-f-72fe0c24018611eebab622510d733706","","GATEWAY","","","","2023-09-25 13:47:25","",""
"STIAPMH240","00:00:00:66:97:8C","shipped","JW242AR","IAP-225-US","athena-f-72fe0c24018611eebab622510d733706","8.5.0.5-8.5.0.5_73491","IAP","","","","2023-05-09 18:33:10","","1683657190000"
"VG2309218707","02:1A:1E:D5:AD:47","shipped","MC-VA","","athena-f-72fe0c24018611eebab622510d733706","","GATEWAY","","","","2023-09-21 16:48:02","",""
"STIAP087K7","00:00:00:D3:A2:51","shipped","JW242AR","IAP-225-US","athena-f-72fe0c24018611eebab622510d733706","","IAP","","","","2023-06-04 05:10:12","","1685830214000"
"VG2309067209","02:1A:1E:57:AC:0C","shipped","MC-VA","","default","","GATEWAY","","","","2023-09-06 15:56:14","",""
"STIAPAU4XV","00:4B:6F:8D:BA:7F","shipped","JW242AR","IAP-225-US","athena-f-72fe0c24018611eebab622510d733706","","IAP","","","","2023-08-06 00:50:46","","1691283050000"
"VG2309092163","02:1A:1E:56:64:93","shipped","MC-VA","","default","","GATEWAY","","","","2023-09-09 09:10:19","",""
"VG2308218701","02:1A:1E:FB:7C:67","shipped","MC-VA","","default","","GATEWAY","","","","2023-08-21 09:12:29","",""
"STIAPIEYJJ","00:00:00:59:A4:D5","provisioned","JW242AR","IAP-225-US","athena-f-72fe0c24018611eebab622510d733706","8.5.0.5-8.5.0.5_73491","IAP","","","","2023-06-20 13:07:38","","1687266462000"
"STSWI8LU73","00:00:00:05:CA:AF","shipped","JL255A","Aruba 2930F 24G PoE+ 4SFP+ Switch","default","","SWITCH","","","","2023-06-02 22:25:28","","1685719530000"
"STIAPM5IQQ","00:BD:14:58:55:3B","shipped","JW242AR","IAP-225-US","athena-f-72fe0c24018611eebab622510d733706","","IAP","","","","2023-07-22 08:08:11","","1690013295000"
"STIAP9GYIG","00:8D:F2:3F:91:0A","shipped","JW242AR","IAP-225-US","default","8.5.0.5-8.5.0.5_73491","IAP","","","","2023-08-18 00:48:37","","1692319719000"
"STIAP9VSA3","00:2C:CF:28:B8:8D","shipped","JW242AR","IAP-225-US","athena-f-72fe0c24018611eebab622510d733706","","IAP","","","","2023-08-09 06:10:03","","1691561407000"
"STIAPIOMOM","00:7E:18:D9:59:F6","shipped","JW242AR","IAP-225-US","default","","IAP","","","","2023-07-21 08:08:23","","1689926907000"
"STIAP8TU3Y","00:00:00:FD:DE:CE","shipped","JW242AR","IAP-225-US","athena-f-72fe0c24018611eebab622510d733706","","IAP","","","","2023-04-28 00:00:17","","1682614817000"
"STSWIJBOVX","00:00:00:36:3C:4D","shipped","JL255A","Aruba 2930F 24G PoE+ 4SFP+ Switch","athena-f-72fe0c24018611eebab622510d733706","8.5.0.5-8.5.0.5_73491","SWITCH","","","","2023-05-05 13:06:31","","1683291991000"
"STGWAIU8QB","00:00:00:10:BE:70","shipped","7005-RW","Aruba-7005-RW","athena-f-72fe0c24018611eebab622510d733706","8.5.0.5-8.5.0.5_73491","CONTROLLER","","","","2023-04-21 13:15:19","","1682082920000"
"VG2309112697","02:1A:1E:3A:DD:57","shipped","MC-VA","","athena-f-72fe0c24018611eebab622510d733706","","GATEWAY","","","","2023-09-11 00:52:07","",""
"STIAPQ5C5N","00:00:00:E6:62:F0","shipped","JW242AR","IAP-225-US","athena-f-72fe0c24018611eebab622510d733706","8.5.0.5-8.5.0.5_73491","IAP","","","","2023-05-14 13:10:53","","1684069853000"
"STIAPGF5GD","00:00:00:C7:F4:C7","provisioned","JW242AR","IAP-225-US","athena-f-72fe0c24018611eebab622510d733706","8.5.0.5-8.5.0.5_73491","IAP","","","","2023-06-07 13:07:28","","1686143252000"
"STIAPB8CIQ","00:BA:03:99:A5:B5","shipped","JW242AR","IAP-225-US","default","","IAP","","","","2023-08-15 06:10:37","","1692079841000"
"STCNTRL8Q6BY","00:00:00:A3:23:02","shipped","3200-8-US","Aruba 3200 Controller - 4x 10/100/1000BASE-T (RJ-45) or 1000BASE-X (SFP) dual personality ports, 8 AP Support, Restricted Regulatory Domain - US","athena-f-72fe0c24018611eebab622510d733706","","CONTROLLER","","","","2023-05-18 13:18:40","","1684415922000"
"VG2309081176","02:1A:1E:E0:C3:05","shipped","MC-VA","","athena-f-72fe0c24018611eebab622510d733706","","GATEWAY","","","","2023-09-08 09:14:10","",""
"STGWAI8JLV","00:00:00:9E:6E:BF","shipped","7005-RW","Aruba-7005-RW","athena-f-72fe0c24018611eebab622510d733706","","CONTROLLER","","","","2023-06-03 00:33:32","","1685727214000"
"STSWIFALAC","00:2A:DD:31:36:37","shipped","JL255A","Aruba 2930F 24G PoE+ 4SFP+ Switch","athena-f-72fe0c24018611eebab622510d733706","","SWITCH","","","","2023-07-15 04:57:57","","1689397081000"
"VG2308175159","02:1A:1E:45:79:20","shipped","MC-VA","","athena-f-72fe0c24018611eebab622510d733706","","GATEWAY","","","","2023-08-17 09:09:28","",""
"STIAPDUQFA","00:00:00:DA:10:20","shipped","JW242AR","IAP-225-US","default","","IAP","","","","2023-06-02 23:50:03","","1685724607000"
"STSWIA8X4K","00:00:00:54:D9:CC","shipped","JL255A","Aruba 2930F 24G PoE+ 4SFP+ Switch","athena-f-72fe0c24018611eebab622510d733706","8.5.0.5-8.5.0.5_73491","SWITCH","","","","2023-04-24 13:13:33","","1682342013000"
"VG2310010122","02:1A:1E:4B:17:55","shipped","MC-VA","","athena-f-72fe0c24018611eebab622510d733706","","GATEWAY","","","","2023-10-01 13:59:47","",""
"STIAPHKZ52","00:00:00:E3:91:66","shipped","JW242AR","IAP-225-US","athena-f-28880f7ab9ea11ed848902c98e9b43b7","","IAP","","","","2023-06-03 00:26:54","","1685726816000"
"VG2309281280","02:1A:1E:3A:64:72","shipped","MC-VA","","athena-f-72fe0c24018611eebab622510d733706","","GATEWAY","","","","2023-09-28 13:48:35","",""
"STGWAEH19P","00:00:00:74:81:C2","shipped","7005-RW","Aruba-7005-RW","default","8.5.0.5-8.5.0.5_73491","CONTROLLER","","","","2023-04-27 13:12:28","","1682601148000"
"STIAPLYHH6","00:4F:E1:09:EA:38","provisioned","JW242AR","IAP-225-US","athena-f-72fe0c24018611eebab622510d733706","8.5.0.5-8.5.0.5_73491","IAP","","","","2023-06-28 13:06:57","","1687957621000"
"STIAP5O3RV","00:00:00:F3:B9:69","shipped","JW242AR","IAP-225-US","athena-f-72fe0c24018611eebab622510d733706","8.5.0.5-8.5.0.5_73491","IAP","","","","2023-05-12 13:07:04","","1683896824000"
"SMTSTAP001","01:02:03:A1:B1:A7","shipped","JW242AR","IAP-225-US","athena-f-72fe0c24018611eebab622510d733706","8.5.0.5-8.5.0.5_73491","IAP","","","","2023-05-03 18:19:43","",""
"STSWI78CUF","00:00:00:7E:77:8D","shipped","JL255A","Aruba 2930F 24G PoE+ 4SFP+ Switch","default","8.5.0.5-8.5.0.5_73491","SWITCH","","","","2023-04-22 13:14:22","","1682169262000"
"VG2309226381","02:1A:1E:48:67:2C","shipped","MC-VA","","athena-f-72fe0c24018611eebab622510d733706","","GATEWAY","","","","2023-09-22 08:09:28","",""
"STGWA7G5NN","00:60:06:34:BB:C5","provisioned","7005-RW","Aruba-7005-RW","athena-f-72fe0c24018611eebab622510d733706","8.5.0.5-8.5.0.5_73491","CONTROLLER","","","","2023-07-15 04:58:03","","1689397087000"
"STIAPMHZE1","00:8A:A6:6F:55:B2","provisioned","JW242AR","IAP-225-US","athena-f-72fe0c24018611eebab622510d733706","8.5.0.5-8.5.0.5_73491","IAP","","","","2023-07-05 13:07:32","","1688562454000"
"STSWIEJ4TN","00:00:00:6A:03:78","shipped","JL255A","Aruba 2930F 24G PoE+ 4SFP+ Switch","athena-f-72fe0c24018611eebab622510d733706","8.5.0.5-8.5.0.5_73491","SWITCH","","","","2023-05-14 13:10:53","","1684069853000"
"STIAPXBOC6","00:38:1C:D4:51:D8","shipped","JW242AR","IAP-225-US","default","","IAP","","","","2023-08-02 06:10:51","","1690956653000"
"VG2309079774","02:1A:1E:58:29:6F","shipped","MC-VA","","default","","GATEWAY","","","","2023-09-07 09:31:18","",""
"STIAPIYUTD","00:00:00:B0:F4:01","shipped","JW242AR","IAP-225-US","default","8.5.0.5-8.5.0.5_73491","IAP","","","","2023-05-26 13:07:55","","1685106477000"
"STIAP45H16","00:71:25:24:F1:52","provisioned","JW242AR","IAP-225-US","athena-f-72fe0c24018611eebab622510d733706","8.5.0.5-8.5.0.5_73491","IAP","","","","2023-08-16 03:05:49","","1692155151000"
"STIAP8EG0W","00:C9:E4:3F:B9:EA","shipped","JW242AR","IAP-225-US","default","","IAP","","","","2023-07-30 00:51:11","","1690678275000"
"STIAPU1296","00:00:00:B9:D3:A7","provisioned","JW242AR","IAP-225-US","athena-f-72fe0c24018611eebab622510d733706","8.5.0.5-8.5.0.5_73491","IAP","","","","2023-06-10 13:08:35","","1686402519000"
"STSWI5H088","00:00:00:C3:C5:86","shipped","JL255A","Aruba 2930F 24G PoE+ 4SFP+ Switch","athena-f-72fe0c24018611eebab622510d733706","8.5.0.5-8.5.0.5_73491","SWITCH","","","","2023-04-28 22:10:29","","1682719829000"
"VG2308160717","02:1A:1E:FF:0F:2C","shipped","MC-VA","","default","","GATEWAY","","","","2023-08-16 09:09:53","",""
"STSWIXLOS4","00:24:89:25:BE:AF","provisioned","JL255A","Aruba 2930F 24G PoE+ 4SFP+ Switch","athena-f-72fe0c24018611eebab622510d733706","","SWITCH","","","","2023-08-15 15:16:51","","1692112615000"
"STIAP0Z40X","00:00:00:40:72:4F","shipped","JW242AR","IAP-225-US","default","8.5.0.5-8.5.0.5_73491","IAP","","","","2023-06-15 13:08:01","","1686834485000"
"STIAP36N7K","00:6D:74:39:93:05","shipped","JW242AR","IAP-225-US","athena-f-72fe0c24018611eebab622510d733706","","IAP","","","","2023-07-24 13:07:16","","1690204038000"
"STGWAUH1BF","00:00:00:B0:4C:CB","shipped","7005-RW","Aruba-7005-RW","athena-f-72fe0c24018611eebab622510d733706","","CONTROLLER","","","","2023-04-28 00:00:18","","1682614818000"
"VG2310051538","02:1A:1E:F7:D8:50","shipped","MC-VA","","athena-f-72fe0c24018611eebab622510d733706","","GATEWAY","","","","2023-10-05 17:00:37","",""
"STIAP6L9LS","00:00:00:50:5E:33","shipped","JW242AR","IAP-225-US","athena-f-72fe0c24018611eebab622510d733706","8.5.0.5-8.5.0.5_73491","IAP","","","","2023-05-09 18:34:13","","1683657253000"
"STIAP3DHRM","00:00:00:79:D3:12","shipped","JW242AR","IAP-225-US","default","","IAP","","","","2023-06-02 22:25:21","","1685719523000"
"STGWAF1YWA","00:77:FC:6A:36:69","provisioned","7005-RW","Aruba-7005-RW","athena-f-72fe0c24018611eebab622510d733706","8.5.0.5-8.5.0.5_73491","CONTROLLER","","","","2023-08-22 09:09:49","","1692695393000"
"STIAPKTR29","00:00:00:A1:07:41","shipped","JW242AR","IAP-225-US","athena-f-72fe0c24018611eebab622510d733706","8.5.0.5-8.5.0.5_73491","IAP","","","","2023-04-24 13:13:33","","1682342013000"
"STIAPEOKOE","00:C4:AC:E5:25:B2","shipped","JW242AR","IAP-225-US","athena-f-72fe0c24018611eebab622510d733706","","IAP","","","","2023-07-28 00:51:52","","1690505514000"
"STIAPNG0AW","00:84:6C:C0:3E:3E","shipped","JW242AR","IAP-225-US","default","8.5.0.5-8.5.0.5_73491","IAP","","","","2023-07-04 07:53:18","","1688457200000"
"STSWI1P9UJ","00:00:00:7C:00:F4","shipped","JL255A","Aruba 2930F 24G PoE+ 4SFP+ Switch","athena-f-72fe0c24018611eebab622510d733706","8.5.0.5-8.5.0.5_73491","SWITCH","","","","2023-05-18 13:07:27","","1684415247000"
"STGWA7Z79B","00:00:00:64:8A:9D","shipped","7005-RW","Aruba-7005-RW","athena-f-72fe0c24018611eebab622510d733706","8.5.0.5-8.5.0.5_73491","CONTROLLER","","","","2023-05-18 13:07:27","","1684415247000"
"STGWAUQIXF","00:00:00:F7:17:A5","shipped","7005-RW","Aruba-7005-RW","athena-f-72fe0c24018611eebab622510d733706","8.5.0.5-8.5.0.5_73491","CONTROLLER","","","","2023-05-05 13:06:31","","1683291991000"
"STIAPLX4FK","00:00:00:88:19:5F","shipped","JW242AR","IAP-225-US","athena-f-72fe0c24018611eebab622510d733706","8.5.0.5-8.5.0.5_73491","IAP","","","","2023-04-21 13:15:19","","1682082919000"
"VG2309250701","02:1A:1E:6E:9A:AE","shipped","MC-VA","","athena-f-72fe0c24018611eebab622510d733706","","GATEWAY","","","","2023-09-25 16:48:01","",""
"VG2308182757","02:1A:1E:A5:15:5D","shipped","MC-VA","","athena-f-72fe0c24018611eebab622510d733706","","GATEWAY","","","","2023-08-18 09:09:52","",""
"STSWIVW10G","00:00:00:B7:86:A2","shipped","JL255A","Aruba 2930F 24G PoE+ 4SFP+ Switch","athena-f-72fe0c24018611eebab622510d733706","8.5.0.5-8.5.0.5_73491","SWITCH","","","","2023-05-01 13:07:28","","1682946448000"
"STIAPJM47L","00:00:00:38:F2:06","shipped","JW242AR","IAP-225-US","athena-f-72fe0c24018611eebab622510d733706","8.5.0.5-8.5.0.5_73491","IAP","","","","2023-05-08 13:06:43","","1683551203000"
"STSWIAKK3G","00:00:00:17:E0:2C","shipped","JL255A","Aruba 2930F 24G PoE+ 4SFP+ Switch","athena-f-72fe0c24018611eebab622510d733706","8.5.0.5-8.5.0.5_73491","SWITCH","","","","2023-05-06 13:06:32","","1683378392000"
"STSWI1JUQJ","00:00:00:F6:C7:CE","shipped","JL255A","Aruba 2930F 24G PoE+ 4SFP+ Switch","athena-f-72fe0c24018611eebab622510d733706","8.5.0.5-8.5.0.5_73491","SWITCH","","","","2023-05-12 13:07:04","","1683896824000"
"VG2310023887","02:1A:1E:52:1D:A4","shipped","MC-VA","","athena-f-72fe0c24018611eebab622510d733706","","GATEWAY","","","","2023-10-02 08:18:59","",""
"VG2309292575","02:1A:1E:1D:39:6E","shipped","MC-VA","","default","","GATEWAY","","","","2023-09-29 16:56:51","",""
"STGWAVH08S","00:00:00:31:EF:4C","shipped","7005-RW","Aruba-7005-RW","athena-f-72fe0c24018611eebab622510d733706","8.5.0.5-8.5.0.5_73491","CONTROLLER","","","","2023-05-16 13:42:06","","1684244526000"
"STIAPC2PPT","00:AA:A6:DF:04:91","provisioned","JW242AR","IAP-225-US","athena-f-72fe0c24018611eebab622510d733706","8.5.0.5-8.5.0.5_73491","IAP","","","","2023-06-27 13:08:51","","1687871333000"
"STGWAE98VA","00:00:00:2C:8C:82","shipped","7005-RW","Aruba-7005-RW","athena-f-72fe0c24018611eebab622510d733706","8.5.0.5-8.5.0.5_73491","CONTROLLER","","","","2023-05-06 13:06:32","","1683378392000"
"STIAPB4R46","00:00:00:4D:9E:60","shipped","JW242AR","IAP-225-US","default","","IAP","","","","2023-06-02 22:56:12","","1685721377000"
"STIAPSEBVN","00:48:02:E8:6C:E4","shipped","JW242AR","IAP-225-US","default","","IAP","","","","2023-08-15 09:09:03","","1692090545000"
"STGWALII7T","00:00:00:31:64:E2","shipped","7005-RW","Aruba-7005-RW","athena-f-72fe0c24018611eebab622510d733706","8.5.0.5-8.5.0.5_73491","CONTROLLER","","","","2023-05-03 13:12:10","","1683119530000"
"STIAP0PXA3","00:01:76:2B:98:BA","provisioned","JW242AR","IAP-225-US","athena-f-72fe0c24018611eebab622510d733706","8.5.0.5-8.5.0.5_73491","IAP","","","","2023-06-30 13:06:43","","1688130407000"
"STSWIV859F","00:00:00:13:CA:FB","shipped","JL255A","Aruba 2930F 24G PoE+ 4SFP+ Switch","athena-f-72fe0c24018611eebab622510d733706","","SWITCH","","","","2023-04-19 04:01:43","","1681851703000"
"VG2310040093","02:1A:1E:40:AF:1F","shipped","MC-VA","","athena-f-72fe0c24018611eebab622510d733706","","GATEWAY","","","","2023-10-04 14:00:09","",""
"STSWIHOCSF","00:23:16:79:8E:60","shipped","JL255A","Aruba 2930F 24G PoE+ 4SFP+ Switch","default","","SWITCH","","","","2023-08-19 00:52:33","","1692406355000"
"STIAPH0ZPU","00:D7:02:DD:F4:8A","shipped","JW242AR","IAP-225-US","default","","IAP","","","","2023-08-03 06:11:34","","1691043098000"
"STIAPXPQFA","00:00:00:34:95:75","provisioned","JW242AR","IAP-225-US","athena-f-72fe0c24018611eebab622510d733706","8.5.0.5-8.5.0.5_73491","IAP","","","","2023-06-20 07:54:31","","1687247673000"
"STIAPHZCZ8","00:00:00:0B:10:2A","shipped","JW242AR","IAP-225-US","athena-f-72fe0c24018611eebab622510d733706","8.5.0.5-8.5.0.5_73491","IAP","","","","2023-05-21 13:06:33","","1684674398000"
"VG2309040505","02:1A:1E:FE:4D:EA","shipped","MC-VA","","athena-f-72fe0c24018611eebab622510d733706","","GATEWAY","","","","2023-09-04 09:09:51","",""
"STIAPJG4RY","00:00:00:FA:D6:90","shipped","JW242AR","IAP-225-US","athena-f-72fe0c24018611eebab622510d733706","","IAP","","","","2023-06-03 00:33:17","","1685727199000"
"VG2309240282","02:1A:1E:7A:CF:C6","shipped","MC-VA","","default","","GATEWAY","","","","2023-09-24 13:47:30","",""
"STGWALVLYJ","00:00:00:16:8D:02","shipped","7005-RW","Aruba-7005-RW","athena-f-72fe0c24018611eebab622510d733706","8.5.0.5-8.5.0.5_73491","CONTROLLER","","","","2023-05-11 13:07:06","","1683810426000"
"VG2309239895","02:1A:1E:39:9A:83","shipped","MC-VA","","default","","GATEWAY","","","","2023-09-23 08:10:49","",""
"VG2309038950","02:1A:1E:F1:82:A9","shipped","MC-VA","","athena-f-72fe0c24018611eebab622510d733706","","GATEWAY","","","","2023-09-03 09:13:11","",""
"STGWA1IAS7","00:00:00:9B:36:C5","shipped","7005-RW","Aruba-7005-RW","athena-f-72fe0c24018611eebab622510d733706","","CONTROLLER","","","","2023-04-19 19:12:18","","1681931538000"
"STIAPWI3PW","00:55:B9:91:C8:D8","provisioned","JW242AR","IAP-225-US","athena-f-72fe0c24018611eebab622510d733706","8.5.0.5-8.5.0.5_73491","IAP","","","","2023-08-17 00:48:43","","1692233327000"
"STIAPE80Q8","00:EF:0E:BE:64:8A","shipped","JW242AR","IAP-225-US","athena-f-72fe0c24018611eebab622510d733706","","IAP","","","","2023-07-23 13:07:45","","1690117669000"
"STIAPVHLSL","00:00:00:FE:42:7D","shipped","JW242AR","IAP-225-US","athena-f-72fe0c24018611eebab622510d733706","","IAP","","","","2023-06-04 04:50:55","","1685829057000"
"STIAPJI1RY","00:00:00:92:BA:1C","shipped","JW242AR","IAP-225-US","athena-f-72fe0c24018611eebab622510d733706","8.5.0.5-8.5.0.5_73491","IAP","","","","2023-05-29 13:06:29","","1685365593000"
"STIAP3RY48","00:39:F7:3C:17:F5","provisioned","JW242AR","IAP-225-US","athena-f-72fe0c24018611eebab622510d733706","8.5.0.5-8.5.0.5_73491","IAP","","","","2023-06-25 13:08:33","","1687698514000"
"STIAPGF7MY","00:00:00:3B:77:B4","shipped","JW242AR","IAP-225-US","default","8.5.0.5-8.5.0.5_73491","IAP","","","","2023-06-16 13:07:19","","1686920843000"
"STGWANHZD3","00:00:00:06:04:C3","shipped","7005-RW","Aruba-7005-RW","default","","CONTROLLER","","","","2023-06-02 22:25:35","","1685719537000"
"STIAPV1DOF","00:00:00:01:45:3D","provisioned","JW242AR","IAP-225-US","athena-f-72fe0c24018611eebab622510d733706","8.5.0.5-8.5.0.5_73491","IAP","","","","2023-06-17 13:08:18","","1687007302000"
"STIAPJ42K7","00:50:DE:13:98:E1","shipped","JW242AR","IAP-225-US","default","","IAP","","","","2023-08-01 00:51:23","","1690851087000"
"STIAPIXLJL","00:48:6F:7D:34:44","shipped","JW242AR","IAP-225-US","default","8.5.0.5-8.5.0.5_73491","IAP","","","","2023-07-02 13:08:38","","1688303322000"
"STIAP07JGI","00:00:00:2E:69:CE","shipped","JW242AR","IAP-225-US","default","8.5.0.5-8.5.0.5_73491","IAP","","","","2023-06-07 19:29:03","","1686166147000"
"VG2308296316","02:1A:1E:04:78:F5","shipped","MC-VA","","athena-f-72fe0c24018611eebab622510d733706","","GATEWAY","","","","2023-08-29 09:14:29","",""
"STIAP3EK43","00:E7:A9:17:D5:57","shipped","JW242AR","IAP-225-US","athena-f-72fe0c24018611eebab622510d733706","","IAP","","","","2023-07-22 13:06:47","","1690031211000"
"STGWADKJXQ","00:00:00:CE:AE:1B","shipped","7005-RW","Aruba-7005-RW","athena-f-72fe0c24018611eebab622510d733706","8.5.0.5-8.5.0.5_73491","CONTROLLER","","","","2023-05-10 13:07:11","","1683724031000"
"STIAPPMUUA","00:00:00:CC:45:E3","shipped","JW242AR","IAP-225-US","athena-f-72fe0c24018611eebab622510d733706","8.5.0.5-8.5.0.5_73491","IAP","","","","2023-04-28 13:15:22","","1682687722000"
"STIAPVXJ2E","00:FA:B2:30:D9:73","shipped","JW242AR","IAP-225-US","athena-f-72fe0c24018611eebab622510d733706","","IAP","","","","2023-08-05 00:51:12","","1691196676000"
"STGWA1F67V","00:00:00:DA:8F:C8","shipped","7005-RW","Aruba-7005-RW","athena-f-72fe0c24018611eebab622510d733706","8.5.0.5-8.5.0.5_73491","CONTROLLER","","","","2023-05-04 13:08:40","","1683205720000"
"STIAP0Y217","00:74:7C:32:A9:9A","shipped","JW242AR","IAP-225-US","athena-f-72fe0c24018611eebab622510d733706","","IAP","","","","2023-07-20 18:25:35","","1689877537000"
"STSWIXFPAK","00:00:00:97:54:FD","shipped","JL255A","Aruba 2930F 24G PoE+ 4SFP+ Switch","default","8.5.0.5-8.5.0.5_73491","SWITCH","","","","2023-04-28 13:15:23","","1682687723000"
"STIAP33ZNQ","00:F3:96:93:C8:83","shipped","JW242AR","IAP-225-US","default","","IAP","","","","2023-07-23 08:06:35","","1690099599000"
"VG2305307275","02:1A:1E:D9:14:17","shipped","MC-VA","","athena-f-28880f7ab9ea11ed848902c98e9b43b7","","GATEWAY","","","","2023-05-30 16:04:40","",""
"STIAPAGMAU","00:F7:9A:16:37:3F","shipped","JW242AR","IAP-225-US","athena-f-72fe0c24018611eebab622510d733706","","IAP","","","","2023-07-21 13:06:38","","1689944802000"
"STIAP6DMVC","00:48:64:92:1C:98","shipped","JW242AR","IAP-225-US","athena-f-72fe0c24018611eebab622510d733706","","IAP","","","","2023-07-25 13:07:22","","1690290444000"
"VG2309050591","02:1A:1E:09:3B:79","shipped","MC-VA","","athena-f-72fe0c24018611eebab622510d733706","","GATEWAY","","","","2023-09-05 09:10:05","",""
"STIAPJZNX8","00:00:00:1F:1F:EE","shipped","JW242AR","IAP-225-US","athena-f-72fe0c24018611eebab622510d733706","8.5.0.5-8.5.0.5_73491","IAP","","","","2023-05-24 13:11:24","","1684933888000"
"STIAP5ECM2","00:00:04:B1:1A:67","shipped","JW242AR","IAP-225-US","athena-f-72fe0c24018611eebab622510d733706","","IAP","","","","2023-08-08 06:10:44","","1691475048000"
"STIAP41SBC","00:00:00:03:A6:FB","shipped","JW242AR","IAP-225-US","default","8.5.0.5-8.5.0.5_73491","IAP","","","","2023-06-21 13:08:15","","1687352899000"
"STIAPJV1VQ","00:00:00:4A:D4:1B","shipped","JW242AR","IAP-225-US","default","8.5.0.5-8.5.0.5_73491","IAP","","","","2023-06-19 07:54:37","","1687161279000"
"STIAP1290A","00:00:00:71:CF:F7","shipped","JW242AR","IAP-225-US","default","","IAP","","","","2023-04-19 19:12:18","","1681931538000"
"STSWI8VR9K","00:00:00:4F:77:48","shipped","JL255A","Aruba 2930F 24G PoE+ 4SFP+ Switch","athena-f-72fe0c24018611eebab622510d733706","8.5.0.5-8.5.0.5_73491","SWITCH","","","","2023-04-26 13:10:55","","1682514655000"
"STGWAOQLRU","00:F5:1C:B6:16:04","provisioned","7005-RW","Aruba-7005-RW","athena-f-72fe0c24018611eebab622510d733706","8.5.0.5-8.5.0.5_73491","CONTROLLER","","","","2023-07-15 16:03:28","","1689437010000"
"STIAPGMCUV","00:0C:66:F7:30:A2","provisioned","JW242AR","IAP-225-US","athena-f-72fe0c24018611eebab622510d733706","8.5.0.5-8.5.0.5_73491","IAP","","","","2023-08-22 09:09:36","","1692695378000"
"STIAPA54EE","00:8B:F9:08:61:2F","shipped","JW242AR","IAP-225-US","athena-f-72fe0c24018611eebab622510d733706","","IAP","","","","2023-07-29 06:10:59","","1690611063000"
"VG2310017476","02:1A:1E:22:C9:D0","shipped","MC-VA","","athena-f-72fe0c24018611eebab622510d733706","","GATEWAY","","","","2023-10-01 16:56:58","",""
"STIAP2XC7T","00:00:00:CE:4D:93","provisioned","JW242AR","IAP-225-US","athena-f-72fe0c24018611eebab622510d733706","8.5.0.5-8.5.0.5_73491","IAP","","","","2023-06-14 07:55:24","","1686729326000"
"STIAPDMOJK","00:6B:85:AB:58:5B","shipped","JW242AR","IAP-225-US","default","","IAP","","","","2023-07-28 06:10:09","","1690524613000"
"STIAPGG4W8","00:00:00:91:E4:80","shipped","JW242AR","IAP-225-US","athena-f-72fe0c24018611eebab622510d733706","","IAP","","","","2023-06-03 06:01:20","","1685746884000"
"STIAPM4XZN","00:00:00:FF:77:F6","shipped","JW242AR","IAP-225-US","athena-f-72fe0c24018611eebab622510d733706","8.5.0.5-8.5.0.5_73491","IAP","","","","2023-04-30 13:10:17","","1682860217000"
"STIAPLE4TN","00:00:00:16:2C:3E","shipped","JW242AR","IAP-225-US","athena-f-72fe0c24018611eebab622510d733706","8.5.0.5-8.5.0.5_73491","IAP","","","","2023-05-15 13:07:21","","1684156041000"
"STSWIASFG5","00:00:00:D6:B9:FF","shipped","JL255A","Aruba 2930F 24G PoE+ 4SFP+ Switch","athena-f-72fe0c24018611eebab622510d733706","","SWITCH","","","","2023-06-03 00:33:24","","1685727209000"
"STIAPBDYFX","00:00:00:31:02:7B","shipped","JW242AR","IAP-225-US","default","","IAP","","","","2023-04-19 04:16:14","","1681852574000"
"VG2310114768","02:1A:1E:24:08:13","shipped","MC-VA","","athena-f-72fe0c24018611eebab622510d733706","","GATEWAY","","","","2023-10-11 16:29:35","",""
"STIAPAB08J","00:38:13:AA:72:72","provisioned","JW242AR","IAP-225-US","athena-f-72fe0c24018611eebab622510d733706","8.5.0.5-8.5.0.5_73491","IAP","","","","2023-08-20 06:13:09","","1692511991000"
"STGWA773JC","00:80:42:2F:7F:6B","shipped","7005-RW","Aruba-7005-RW","default","8.5.0.5-8.5.0.5_73491","CONTROLLER","","","","2023-08-17 09:09:05","","1692263349000"
"STIAPYP4H1","00:E2:81:C9:0E:69","shipped","JW242AR","IAP-225-US","athena-f-72fe0c24018611eebab622510d733706","","IAP","","","","2023-08-04 00:51:39","","1691110303000"
"STIAP0JYCE","00:42:A0:BE:77:A0","provisioned","JW242AR","IAP-225-US","athena-f-72fe0c24018611eebab622510d733706","8.5.0.5-8.5.0.5_73491","IAP","","","","2023-06-27 07:57:16","","1687852640000"
"VG2310117911","02:1A:1E:CA:2C:C4","shipped","MC-VA","","athena-f-72fe0c24018611eebab622510d733706","","GATEWAY","","","","2023-10-11 07:27:12","",""
"VG2309274404","02:1A:1E:BF:0D:8D","shipped","MC-VA","","athena-f-72fe0c24018611eebab622510d733706","","GATEWAY","","","","2023-09-27 16:52:11","",""
"STIAPRV6LA","00:00:00:29:9B:54","shipped","JW242AR","IAP-225-US","athena-f-72fe0c24018611eebab622510d733706","8.5.0.5-8.5.0.5_73491","IAP","","","","2023-04-20 13:15:31","","1681996531000"
"STIAPYHLHN","00:00:00:63:D9:5A","provisioned","JW242AR","IAP-225-US","athena-f-72fe0c24018611eebab622510d733706","8.5.0.5-8.5.0.5_73491","IAP","","","","2023-06-11 13:11:52","","1686489116000"
"STIAPKNAM8","00:3B:A5:08:57:70","shipped","JW242AR","IAP-225-US","athena-f-72fe0c24018611eebab622510d733706","","IAP","","","","2023-08-06 06:13:06","","1691302388000"
"STIAPRQTIO","00:00:00:CD:0B:B1","provisioned","JW242AR","IAP-225-US","athena-f-72fe0c24018611eebab622510d733706","8.5.0.5-8.5.0.5_73491","IAP","","","","2023-06-17 07:56:13","","1686988575000"
"STIAP37Z0A","00:00:00:9D:50:54","shipped","JW242AR","IAP-225-US","athena-f-72fe0c24018611eebab622510d733706","","IAP","","","","2023-04-19 04:01:43","","1681851703000"
"STIAPWDJ1G","00:00:00:88:5A:76","provisioned","JW242AR","IAP-225-US","athena-f-72fe0c24018611eebab622510d733706","8.5.0.5-8.5.0.5_73491","IAP","","","","2023-06-04 13:07:44","","1685884068000"
"STGWAQN43P","00:8C:BC:BC:32:62","provisioned","7005-RW","Aruba-7005-RW","athena-f-72fe0c24018611eebab622510d733706","8.5.0.5-8.5.0.5_73491","CONTROLLER","","","","2023-08-19 09:09:45","","1692436189000"
"STSWICTQLK","00:00:00:1F:72:3D","shipped","JL255A","Aruba 2930F 24G PoE+ 4SFP+ Switch","default","","SWITCH","","","","2023-04-28 00:00:17","","1682614818000"
"STIAPYMZAG","00:00:00:03:86:8B","provisioned","JW242AR","IAP-225-US","athena-f-72fe0c24018611eebab622510d733706","8.5.0.5-8.5.0.5_73491","IAP","","","","2023-06-18 13:08:24","","1687093708000"
"STCNTRLZ2ZC0","00:00:00:DB:AD:DB","shipped","3200-8-US","Aruba 3200 Controller - 4x 10/100/1000BASE-T (RJ-45) or 1000BASE-X (SFP) dual personality ports, 8 AP Support, Restricted Regulatory Domain - US","athena-f-72fe0c24018611eebab622510d733706","","CONTROLLER","","","","2023-05-18 13:01:52","","1684414917000"
"STIAPUIUTP","00:00:00:66:E3:7D","shipped","JW242AR","IAP-225-US","athena-f-72fe0c24018611eebab622510d733706","8.5.0.5-8.5.0.5_73491","IAP","","","","2023-05-17 13:07:11","","1684328831000"
"VG2310089740","02:1A:1E:30:36:B6","shipped","MC-VA","","default","","GATEWAY","","","","2023-10-08 16:32:25","",""
"STIAP31P45","00:00:00:4C:71:0F","shipped","JW242AR","IAP-225-US","default","","IAP","","","","2023-06-20 05:59:50","","1687215594000"
"STIAPMROW9","00:59:0A:A9:53:0C","provisioned","JW242AR","IAP-225-US","athena-f-72fe0c24018611eebab622510d733706","8.5.0.5-8.5.0.5_73491","IAP","","","","2023-06-29 13:07:10","","1688044034000"
"STIAPHHCBJ","00:00:00:C3:E2:2C","shipped","JW242AR","IAP-225-US","athena-f-72fe0c24018611eebab622510d733706","","IAP","","","","2023-04-19 06:09:12","","1681884552000"
"STSWIQ5QBK","00:00:00:F0:83:66","shipped","JL255A","Aruba 2930F 24G PoE+ 4SFP+ Switch","athena-f-72fe0c24018611eebab622510d733706","8.5.0.5-8.5.0.5_73491","SWITCH","","","","2023-05-17 13:07:11","","1684328831000"
"STIAPMCYR8","00:00:00:F1:60:49","shipped","JW242AR","IAP-225-US","athena-f-72fe0c24018611eebab622510d733706","8.5.0.5-8.5.0.5_73491","IAP","","","","2023-05-27 13:06:24","","1685192786000"
"STIAP1I8UY","00:96:02:24:11:62","shipped","JW242AR","IAP-225-US","athena-f-72fe0c24018611eebab622510d733706","","IAP","","","","2023-07-24 08:09:29","","1690186171000"
"STIAPOYS9E","00:00:00:60:D1:08","shipped","JW242AR","IAP-225-US","athena-f-72fe0c24018611eebab622510d733706","8.5.0.5-8.5.0.5_73491","IAP","","","","2023-05-04 13:08:40","","1683205720000"
"VG2308306880","02:1A:1E:B2:EF:66","shipped","MC-VA","","athena-f-72fe0c24018611eebab622510d733706","","GATEWAY","","","","2023-08-30 09:09:48","",""
"VG2308250962","02:1A:1E:BF:26:70","shipped","MC-VA","","athena-f-72fe0c24018611eebab622510d733706","","GATEWAY","","","","2023-08-25 09:12:17","",""
"STIAPDJZ29","00:00:00:B9:46:18","provisioned","JW242AR","IAP-225-US","athena-f-72fe0c24018611eebab622510d733706","8.5.0.5-8.5.0.5_73491","IAP","","","","2023-06-10 13:10:10","","1686402614000"
"VG2308159021","02:1A:1E:74:08:C1","shipped","MC-VA","","athena-f-72fe0c24018611eebab622510d733706","","GATEWAY","","","","2023-08-15 20:55:32","",""
"STSWIZYVHP","00:00:00:FE:E9:B8","shipped","JL255A","Aruba 2930F 24G PoE+ 4SFP+ Switch","athena-f-72fe0c24018611eebab622510d733706","8.5.0.5-8.5.0.5_73491","SWITCH","","","","2023-05-10 13:07:11","","1683724031000"
"STSWI7KV7M","00:5C:6F:FF:F4:A8","provisioned","JL255A","Aruba 2930F 24G PoE+ 4SFP+ Switch","athena-f-72fe0c24018611eebab622510d733706","","SWITCH","","","","2023-08-20 09:09:32","","1692522574000"
"STGWAX5GGE","00:00:00:13:9D:FA","shipped","7005-RW","Aruba-7005-RW","default","","CONTROLLER","","","","2023-04-19 04:16:15","","1681852575000"
"VG2309241355","02:1A:1E:85:85:3A","shipped","MC-VA","","athena-f-72fe0c24018611eebab622510d733706","","GATEWAY","","","","2023-09-24 16:48:22","",""
"STIAP2TD7Z","00:00:00:D0:C9:4A","shipped","JW242AR","IAP-225-US","default","","IAP","","","","2023-06-03 06:01:13","","1685746875000"
"STSWIEBI5I","00:00:00:DE:BF:05","shipped","JL255A","Aruba 2930F 24G PoE+ 4SFP+ Switch","athena-f-72fe0c24018611eebab622510d733706","8.5.0.5-8.5.0.5_73491","SWITCH","","","","2023-04-23 13:10:17","","1682255417000"
"VG2309268369","02:1A:1E:71:97:ED","shipped","MC-VA","","default","","GATEWAY","","","","2023-09-26 13:49:01","",""
"STIAP1C7AP","00:00:00:5A:7F:02","shipped","JW242AR","IAP-225-US","default","8.5.0.5-8.5.0.5_73491","IAP","","","","2023-06-11 13:10:09","","1686489011000"
"VG2310093255","02:1A:1E:E4:95:6F","shipped","MC-VA","","athena-f-72fe0c24018611eebab622510d733706","","GATEWAY","","","","2023-10-09 13:23:13","",""
"STSWIEBB94","00:00:00:C4:BA:F3","shipped","JL255A","Aruba 2930F 24G PoE+ 4SFP+ Switch","athena-f-72fe0c24018611eebab622510d733706","8.5.0.5-8.5.0.5_73491","SWITCH","","","","2023-05-03 13:12:10","","1683119530000"
"STIAP0OTSU","00:00:00:1A:57:F7","shipped","JW242AR","IAP-225-US","athena-f-72fe0c24018611eebab622510d733706","","IAP","","","","2023-04-19 04:31:23","","1681853483000"
"VG2309270720","02:1A:1E:C8:D1:E7","shipped","MC-VA","","default","","GATEWAY","","","","2023-09-27 08:10:08","",""
"STIAP6NYB4","00:97:F2:3F:81:D5","provisioned","JW242AR","IAP-225-US","athena-f-72fe0c24018611eebab622510d733706","8.5.0.5-8.5.0.5_73491","IAP","","","","2023-08-22 06:10:26","","1692684630000"
"STIAPXRQKP","00:9E:A8:2C:6E:34","shipped","JW242AR","IAP-225-US","athena-f-72fe0c24018611eebab622510d733706","","IAP","","","","2023-08-07 06:11:38","","1691388703000"
"VG2307158523","02:1A:1E:B3:D2:71","shipped","MC-VA","","athena-f-72fe0c24018611eebab622510d733706","","GATEWAY","","","","2023-07-15 16:25:06","",""
"VG2309025241","02:1A:1E:74:5E:AA","shipped","MC-VA","","athena-f-72fe0c24018611eebab622510d733706","","GATEWAY","","","","2023-09-02 09:14:06","",""
"STGWAA7BPQ","00:00:00:AA:3E:50","shipped","7005-RW","Aruba-7005-RW","athena-f-72fe0c24018611eebab622510d733706","8.5.0.5-8.5.0.5_73491","CONTROLLER","","","","2023-05-17 13:07:11","","1684328831000"
"VG2308316418","02:1A:1E:F5:74:BE","shipped","MC-VA","","athena-f-72fe0c24018611eebab622510d733706","","GATEWAY","","","","2023-08-31 09:12:26","",""
"STGWA722RQ","00:00:00:6B:B6:85","provisioned","7005-RW","Aruba-7005-RW","athena-f-72fe0c24018611eebab622510d733706","8.5.0.5-8.5.0.5_73491","CONTROLLER","","","","2023-03-03 17:30:32","","1677835673000"
"STIAP8DS1S","00:54:E8:58:C4:2C","provisioned","JW242AR","IAP-225-US","athena-f-72fe0c24018611eebab622510d733706","8.5.0.5-8.5.0.5_73491","IAP","","","","2023-07-15 05:37:36","","1689399460000"
"STIAP71QN2","00:00:00:5E:E7:B9","shipped","JW242AR","IAP-225-US","athena-f-72fe0c24018611eebab622510d733706","8.5.0.5-8.5.0.5_73491","IAP","","","","2023-05-07 13:09:14","","1683464954000"
"STSWID5EDA","00:00:00:51:1A:A8","shipped","JL255A","Aruba 2930F 24G PoE+ 4SFP+ Switch","athena-f-72fe0c24018611eebab622510d733706","","SWITCH","","","","2023-04-19 06:09:13","","1681884553000"
"STSWIG2DN8","00:00:00:AF:30:05","shipped","JL255A","Aruba 2930F 24G PoE+ 4SFP+ Switch","athena-f-72fe0c24018611eebab622510d733706","","SWITCH","","","","2023-06-03 06:01:26","","1685746888000"
"STSWIJM3F4","00:00:00:1C:19:8A","shipped","JL255A","Aruba 2930F 24G PoE+ 4SFP+ Switch","athena-f-72fe0c24018611eebab622510d733706","8.5.0.5-8.5.0.5_73491","SWITCH","","","","2023-04-27 13:12:28","","1682601148000"
"VG2308159362","02:1A:1E:2A:DA:13","shipped","MC-VA","","athena-f-72fe0c24018611eebab622510d733706","","GATEWAY","","","","2023-08-15 01:36:18","",""
"STIAPWR2ML","00:00:00:58:2F:C5","provisioned","JW242AR","IAP-225-US","athena-f-72fe0c24018611eebab622510d733706","8.5.0.5-8.5.0.5_73491","IAP","","","","2023-06-08 00:28:23","","1686184105000"
"STIAPGG8WJ","00:00:00:B9:CF:74","provisioned","JW242AR","IAP-225-US","athena-f-72fe0c24018611eebab622510d733706","8.5.0.5-8.5.0.5_73491","IAP","","","","2023-06-14 13:08:16","","1686748100000"
"STIAPJ7EE0","00:00:00:5E:75:91","shipped","JW242AR","IAP-225-US","athena-f-72fe0c24018611eebab622510d733706","8.5.0.5-8.5.0.5_73491","IAP","","","","2023-05-20 13:12:51","","1684588375000"
"STIAPB7BHM","00:00:00:D9:2A:83","shipped","JW242AR","IAP-225-US","athena-f-72fe0c24018611eebab622510d733706","","IAP","","","","2023-04-27 23:59:58","","1682614798000"
"STIAPFBRVV","00:1A:06:4C:21:97","provisioned","JW242AR","IAP-225-US","athena-f-72fe0c24018611eebab622510d733706","8.5.0.5-8.5.0.5_73491","IAP","","","","2023-08-18 09:09:43","","1692349787000"
"STGWA0K70T","00:00:00:71:E3:CB","shipped","7005-RW","Aruba-7005-RW","athena-f-72fe0c24018611eebab622510d733706","","CONTROLLER","","","","2023-04-19 06:09:13","","1681884553000"
"STIAPAV5M3","00:7C:78:1A:1B:41","shipped","JW242AR","IAP-225-US","athena-f-72fe0c24018611eebab622510d733706","","IAP","","","","2023-07-29 00:53:00","","1690591984000"
"STIAPBRUNG","00:00:00:FC:2E:20","provisioned","JW242AR","IAP-225-US","athena-f-72fe0c24018611eebab622510d733706","8.5.0.5-8.5.0.5_73491","IAP","","","","2023-06-12 13:10:58","","1686575460000"
"STIAPG3I6O","00:00:00:9C:85:EB","shipped","JW242AR","IAP-225-US","athena-f-72fe0c24018611eebab622510d733706","8.5.0.5-8.5.0.5_73491","IAP","","","","2023-04-29 13:09:27","","1682773767000"
"STIAP8FBNP","00:22:DC:FE:0C:16","provisioned","JW242AR","IAP-225-US","athena-f-72fe0c24018611eebab622510d733706","8.5.0.5-8.5.0.5_73491","IAP","","","","2023-08-17 09:08:53","","1692263337000"
"VG2308154537","02:1A:1E:28:4E:8F","shipped","MC-VA","","athena-f-72fe0c24018611eebab622510d733706","","GATEWAY","","","","2023-08-15 15:17:21","",""
"STIAPVEFJ3","00:00:00:AD:72:B7","shipped","JW242AR","IAP-225-US","default","8.5.0.5-8.5.0.5_73491","IAP","","","","2023-05-25 13:06:43","","1685020005000"
"STGWAKUA52","00:51:AB:ED:B4:42","shipped","7005-RW","Aruba-7005-RW","athena-f-72fe0c24018611eebab622510d733706","","CONTROLLER","","","","2023-08-15 09:09:15","","1692090559000"
"STIAP32YQ2","00:09:9A:CC:21:9F","provisioned","JW242AR","IAP-225-US","athena-f-72fe0c24018611eebab622510d733706","8.5.0.5-8.5.0.5_73491","IAP","","","","2023-08-21 00:50:31","","1692579035000"
"STIAPI708N","00:00:00:2A:DE:55","shipped","JW242AR","IAP-225-US","default","8.5.0.5-8.5.0.5_73491","IAP","","","","2023-05-24 23:39:16","","1684971560000"
"STGWAMZ8ZW","00:00:00:25:B7:FD","shipped","7005-RW","Aruba-7005-RW","athena-f-72fe0c24018611eebab622510d733706","8.5.0.5-8.5.0.5_73491","CONTROLLER","","","","2023-05-01 13:07:28","","1682946449000"
"STSWIQOD0Y","00:00:00:E1:E8:8F","shipped","JL255A","Aruba 2930F 24G PoE+ 4SFP+ Switch","athena-f-72fe0c24018611eebab622510d733706","8.5.0.5-8.5.0.5_73491","SWITCH","","","","2023-05-13 13:06:58","","1683983218000"
"STGWACQA9B","00:16:EF:59:AC:75","shipped","7005-RW","Aruba-7005-RW","default","","CONTROLLER","","","","2023-08-03 20:57:48","","1691107073000"
"STIAPBNZIE","00:1A:23:5B:CF:0F","provisioned","JW242AR","IAP-225-US","athena-f-72fe0c24018611eebab622510d733706","8.5.0.5-8.5.0.5_73491","IAP","","","","2023-08-15 15:16:45","","1692112609000"
"VG2310077606","02:1A:1E:31:0D:88","shipped","MC-VA","","athena-f-72fe0c24018611eebab622510d733706","","GATEWAY","","","","2023-10-07 13:24:03","",""
"STGWAHJ420","00:3F:13:EA:7A:94","provisioned","7005-RW","Aruba-7005-RW","athena-f-72fe0c24018611eebab622510d733706","8.5.0.5-8.5.0.5_73491","CONTROLLER","","","","2023-08-18 09:09:55","","1692349799000"
"STIAPRUVZ5","00:00:00:E2:4E:62","shipped","JW242AR","IAP-225-US","athena-f-72fe0c24018611eebab622510d733706","8.5.0.5-8.5.0.5_73491","IAP","","","","2023-04-28 22:10:28","","1682719828000"
"STIAPRJ32N","00:19:4F:71:9C:05","provisioned","JW242AR","IAP-225-US","athena-f-72fe0c24018611eebab622510d733706","8.5.0.5-8.5.0.5_73491","IAP","","","","2023-08-16 06:11:31","","1692166295000"
"VG2310051395","02:1A:1E:40:4C:D5","shipped","MC-VA","","athena-f-72fe0c24018611eebab622510d733706","","GATEWAY","","","","2023-10-05 18:24:31","",""
"STIAPLBPXL","00:00:00:2B:BA:0E","shipped","JW242AR","IAP-225-US","default","8.5.0.5-8.5.0.5_73491","IAP","","","","2023-06-03 13:07:31","","1685797655000"
"VG2308228455","02:1A:1E:9D:62:FF","shipped","MC-VA","","athena-f-72fe0c24018611eebab622510d733706","","GATEWAY","","","","2023-08-22 09:09:43","",""
"VG2310102515","02:1A:1E:D6:05:37","shipped","MC-VA","","athena-f-72fe0c24018611eebab622510d733706","","GATEWAY","","","","2023-10-10 13:23:15","",""
"STSWIF6OEX","00:B2:CF:42:07:25","provisioned","JL255A","Aruba 2930F 24G PoE+ 4SFP+ Switch","athena-f-72fe0c24018611eebab622510d733706","","SWITCH","","","","2023-08-21 09:11:54","","1692609118000"
"STSWIAFTVR","00:00:00:33:D2:11","shipped","JL255A","Aruba 2930F 24G PoE+ 4SFP+ Switch","athena-f-72fe0c24018611eebab622510d733706","8.5.0.5-8.5.0.5_73491","SWITCH","","","","2023-05-16 13:42:06","","1684244526000"
"STIAP59RDI","00:00:00:ED:D8:A0","shipped","JW242AR","IAP-225-US","athena-f-72fe0c24018611eebab622510d733706","","IAP","","","","2023-04-27 13:12:28","","1682601148000"
"STGWAEXQKS","00:00:00:28:A6:AC","shipped","7005-RW","Aruba-7005-RW","athena-f-72fe0c24018611eebab622510d733706","8.5.0.5-8.5.0.5_73491","CONTROLLER","","","","2023-04-20 13:15:32","","1681996532000"
"STIAPOP2YE","00:9E:2E:F1:17:F4","shipped","JW242AR","IAP-225-US","athena-f-72fe0c24018611eebab622510d733706","","IAP","","","","2023-08-05 06:12:05","","1691215927000"
"STIAPCRO7Z","00:00:00:EB:BA:B0","shipped","JW242AR","IAP-225-US","athena-f-72fe0c24018611eebab622510d733706","","IAP","","","","2023-06-04 04:40:30","","1685828432000"
"STIAPY20RH","00:00:00:A9:90:5A","shipped","JW242AR","IAP-225-US","default","","IAP","","","","2023-06-03 00:14:15","","1685726060000"
"STSWI78WKI","00:00:00:39:E2:33","shipped","JL255A","Aruba 2930F 24G PoE+ 4SFP+ Switch","athena-f-72fe0c24018611eebab622510d733706","8.5.0.5-8.5.0.5_73491","SWITCH","","","","2023-04-21 13:15:19","","1682082919000"
"STIAPE9XE4","00:E3:28:06:14:F3","shipped","JW242AR","IAP-225-US","default","","IAP","","","","2023-08-15 01:35:05","","1692063309000"
"STSWIFS42J","00:F4:E8:D2:BA:44","shipped","JL255A","Aruba 2930F 24G PoE+ 4SFP+ Switch","athena-f-72fe0c24018611eebab622510d733706","","SWITCH","","","","2023-07-15 05:37:42","","1689399464000"
"VG2309258685","02:1A:1E:32:94:AA","shipped","MC-VA","","athena-f-72fe0c24018611eebab622510d733706","","GATEWAY","","","","2023-09-25 08:09:00","",""
"STIAP9DUUD","00:FF:88:77:93:34","shipped","JW242AR","IAP-225-US","default","8.5.0.5-8.5.0.5_73491","IAP","","","","2023-07-01 13:08:50","","1688216934000"
"STSWI1NTNJ","00:82:CE:01:C2:B7","provisioned","JL255A","Aruba 2930F 24G PoE+ 4SFP+ Switch","athena-f-72fe0c24018611eebab622510d733706","","SWITCH","","","","2023-08-18 09:09:49","","1692349793000"
"STSWIYCBJN","00:CF:D7:79:70:3E","provisioned","JL255A","Aruba 2930F 24G PoE+ 4SFP+ Switch","athena-f-72fe0c24018611eebab622510d733706","","SWITCH","","","","2023-08-16 03:05:55","","1692155160000"
"STIAPEQD8U","00:B5:62:3A:04:0B","shipped","JW242AR","IAP-225-US","athena-f-72fe0c24018611eebab622510d733706","","IAP","","","","2023-07-27 13:06:50","","1690463214000"
"STIAP1GCP1","00:D0:19:E3:6C:66","provisioned","JW242AR","IAP-225-US","athena-f-72fe0c24018611eebab622510d733706","8.5.0.5-8.5.0.5_73491","IAP","","","","2023-08-19 09:09:33","","1692436175000"
"STIAPEOOHH","00:A9:EA:2D:6D:59","provisioned","JW242AR","IAP-225-US","athena-f-72fe0c24018611eebab622510d733706","8.5.0.5-8.5.0.5_73491","IAP","","","","2023-06-28 07:56:45","","1687939007000"
"SMTSTGW001","AB:CD:EF:FF:FE:01","shipped","7005-RW","Aruba-7005-RW","athena-f-72fe0c24018611eebab622510d733706","8.4.0.1-8.4.0.1_68854","CONTROLLER","","","","2023-05-03 18:17:21","",""
"STIAP5TNOE","00:00:00:A6:94:22","shipped","JW242AR","IAP-225-US","athena-f-72fe0c24018611eebab622510d733706","8.5.0.5-8.5.0.5_73491","IAP","","","","2023-04-23 13:10:17","","1682255417000"
"STGWA6NSLO","00:C9:C6:97:F3:E8","provisioned","7005-RW","Aruba-7005-RW","athena-f-72fe0c24018611eebab622510d733706","8.5.0.5-8.5.0.5_73491","CONTROLLER","","","","2023-08-15 15:16:57","","1692112621000"
"STIAPMN9FA","00:D9:C6:E6:B3:4D","provisioned","JW242AR","IAP-225-US","athena-f-72fe0c24018611eebab622510d733706","8.5.0.5-8.5.0.5_73491","IAP","","","","2023-06-30 07:56:23","","1688111787000"
"STIAP1X94Z","00:D1:72:B9:12:95","shipped","JW242AR","IAP-225-US","default","8.5.0.5-8.5.0.5_73491","IAP","","","","2023-07-15 04:57:51","","1689397075000"
"STSWI701Y6","00:00:00:0C:90:2F","shipped","JL255A","Aruba 2930F 24G PoE+ 4SFP+ Switch","athena-f-72fe0c24018611eebab622510d733706","8.5.0.5-8.5.0.5_73491","SWITCH","","","","2023-04-25 13:11:22","","1682428282000"
"STSWIK0IF0","00:00:00:92:1A:B2","shipped","JL255A","Aruba 2930F 24G PoE+ 4SFP+ Switch","athena-f-72fe0c24018611eebab622510d733706","8.5.0.5-8.5.0.5_73491","SWITCH","","","","2023-04-30 13:10:17","","1682860217000"
"STIAPQ9P9A","00:00:00:D4:E0:86","shipped","JW242AR","IAP-225-US","athena-f-28880f7ab9ea11ed848902c98e9b43b7","","IAP","","","","2023-06-03 00:20:59","","1685726461000"
"STIAPPQLW2","00:A1:90:9F:76:7B","provisioned","JW242AR","IAP-225-US","athena-f-72fe0c24018611eebab622510d733706","8.5.0.5-8.5.0.5_73491","IAP","","","","2023-07-04 13:07:30","","1688476054000"
"STSWI6FNED","00:F1:6D:8F:32:F9","provisioned","JL255A","Aruba 2930F 24G PoE+ 4SFP+ Switch","athena-f-72fe0c24018611eebab622510d733706","","SWITCH","","","","2023-08-22 09:09:43","","1692695385000"
"VG2310082409","02:1A:1E:E1:44:F5","shipped","MC-VA","","athena-f-72fe0c24018611eebab622510d733706","","GATEWAY","","","","2023-10-08 13:23:59","",""
"STIAP3A6JT","00:11:F6:E1:E7:6E","provisioned","JW242AR","IAP-225-US","athena-f-72fe0c24018611eebab622510d733706","8.5.0.5-8.5.0.5_73491","IAP","","","","2023-08-16 09:09:27","","1692176971000"
"STIAPQG1GX","00:79:2C:A5:16:30","shipped","JW242AR","IAP-225-US","athena-f-72fe0c24018611eebab622510d733706","","IAP","","","","2023-08-01 06:10:48","","1690870250000"
"STSWIOZ2FQ","00:82:35:AE:69:E2","shipped","JL255A","Aruba 2930F 24G PoE+ 4SFP+ Switch","athena-f-72fe0c24018611eebab622510d733706","","SWITCH","","","","2023-07-15 16:03:22","","1689437006000"
"STIAPG7X3E","00:65:AC:12:7A:1A","provisioned","JW242AR","IAP-225-US","athena-f-72fe0c24018611eebab622510d733706","8.5.0.5-8.5.0.5_73491","IAP","","","","2023-06-29 08:07:45","","1688026069000"
"VG2309278409","02:1A:1E:84:AA:7B","shipped","MC-VA","","athena-f-72fe0c24018611eebab622510d733706","","GATEWAY","","","","2023-09-27 13:47:28","",""
"STIAPWGI4L","00:00:00:C3:4F:A7","shipped","JW242AR","IAP-225-US","athena-f-72fe0c24018611eebab622510d733706","8.5.0.5-8.5.0.5_73491","IAP","","","","2023-05-28 13:08:02","","1685279286000"
"VG2308286131","02:1A:1E:B3:8C:6E","shipped","MC-VA","","athena-f-72fe0c24018611eebab622510d733706","","GATEWAY","","","","2023-08-28 09:09:42","",""
"STGWAKGJUC","00:23:2C:64:05:16","provisioned","7005-RW","Aruba-7005-RW","athena-f-72fe0c24018611eebab622510d733706","8.5.0.5-8.5.0.5_73491","CONTROLLER","","","","2023-08-19 00:52:39","","1692406363000"
"STIAPM2U23","00:00:00:6D:64:6A","shipped","JW242AR","IAP-225-US","athena-f-72fe0c24018611eebab622510d733706","8.5.0.5-8.5.0.5_73491","IAP","","","","2023-05-22 16:44:05","","1684773847000"
"VG2310024610","02:1A:1E:4D:CA:C7","shipped","MC-VA","","athena-f-72fe0c24018611eebab622510d733706","","GATEWAY","","","","2023-10-02 16:56:09","",""
"VG2309114013","02:1A:1E:DC:56:39","shipped","MC-VA","","athena-f-72fe0c24018611eebab622510d733706","","GATEWAY","","","","2023-09-11 09:10:25","",""